-- --------------------------------------------------------
-- Host:                         localhost
-- Server Version:               10.1.16-MariaDB - mariadb.org binary distribution
-- Server Betriebssystem:        Win32
-- HeidiSQL Version:             9.4.0.5133
-- --------------------------------------------------------

/*!40101 SET @OLD_CHARACTER_SET_CLIENT=@@CHARACTER_SET_CLIENT */;
/*!40101 SET NAMES utf8 */;
/*!50503 SET NAMES utf8mb4 */;
/*!40014 SET @OLD_FOREIGN_KEY_CHECKS=@@FOREIGN_KEY_CHECKS, FOREIGN_KEY_CHECKS=0 */;
/*!40101 SET @OLD_SQL_MODE=@@SQL_MODE, SQL_MODE='NO_AUTO_VALUE_ON_ZERO' */;


-- Exportiere Datenbank Struktur für wein.handel3
CREATE DATABASE IF NOT EXISTS `weinhandel_test` /*!40100 DEFAULT CHARACTER SET utf8 */;
USE `weinhandel_test`;

-- Exportiere Struktur von Tabelle wein.handel3.adressen
CREATE TABLE IF NOT EXISTS `adressen` (
  `id_adresse` int(5) unsigned NOT NULL AUTO_INCREMENT,
  `strasse` varchar(250) DEFAULT NULL,
  `hausnummer` varchar(50) DEFAULT NULL,
  `land_id` int(11) DEFAULT NULL,
  `plz_id` int(20) DEFAULT NULL,
  PRIMARY KEY (`id_adresse`),
  KEY `plz_id` (`plz_id`),
  KEY `land_id` (`land_id`)
) ENGINE=InnoDB DEFAULT CHARSET=utf8;

-- Exportiere Daten aus Tabelle wein.handel3.adressen: ~0 rows (ungefähr)
/*!40000 ALTER TABLE `adressen` DISABLE KEYS */;
/*!40000 ALTER TABLE `adressen` ENABLE KEYS */;

-- Exportiere Struktur von Tabelle wein.handel3.benutzer
CREATE TABLE IF NOT EXISTS `benutzer` (
  `id_benutzer` int(4) unsigned NOT NULL AUTO_INCREMENT,
  `zugang_id` int(4) unsigned DEFAULT NULL,
  `anrede` tinyint(3) unsigned NOT NULL,
  `vorname` varchar(100) NOT NULL,
  `nachname` varchar(100) NOT NULL,
  `geburtsdatum` date DEFAULT NULL,
  `telefon` varchar(50) DEFAULT NULL,
  `email` varchar(80) DEFAULT NULL,
  `lief_adresse_id` int(11) DEFAULT NULL,
  `rech_adresse_id` int(11) DEFAULT NULL,
  `regis_date` timestamp NULL DEFAULT CURRENT_TIMESTAMP,
  `change_date` timestamp NULL DEFAULT CURRENT_TIMESTAMP ON UPDATE CURRENT_TIMESTAMP,
  `login_date` timestamp NULL DEFAULT CURRENT_TIMESTAMP ON UPDATE CURRENT_TIMESTAMP,
  PRIMARY KEY (`id_benutzer`),
  KEY `lief_adresse_id` (`lief_adresse_id`),
  KEY `rech_adresse_id` (`rech_adresse_id`),
  KEY `zugang_id` (`zugang_id`)
) ENGINE=InnoDB DEFAULT CHARSET=utf8;

-- Exportiere Daten aus Tabelle wein.handel3.benutzer: ~0 rows (ungefähr)
/*!40000 ALTER TABLE `benutzer` DISABLE KEYS */;
/*!40000 ALTER TABLE `benutzer` ENABLE KEYS */;

-- Exportiere Struktur von Tabelle wein.handel3.kontinent
CREATE TABLE IF NOT EXISTS `kontinent` (
  `id_kontinent` int(2) NOT NULL AUTO_INCREMENT,
  `name_kontinent` varchar(15) NOT NULL DEFAULT '0',
  PRIMARY KEY (`id_kontinent`)
) ENGINE=InnoDB AUTO_INCREMENT=16 DEFAULT CHARSET=utf8;

-- Exportiere Daten aus Tabelle wein.handel3.kontinent: ~10 rows (ungefähr)
/*!40000 ALTER TABLE `kontinent` DISABLE KEYS */;
INSERT INTO `kontinent` (`id_kontinent`, `name_kontinent`) VALUES
	(1, 'Asia'),
	(2, 'Africa'),
	(3, 'Europe'),
	(4, 'Oceania'),
	(5, 'North America'),
	(6, 'Antarctica'),
	(7, 'South America'),
	(8, 'Australia'),
	(9, 'Central America'),
	(10, 'America');
/*!40000 ALTER TABLE `kontinent` ENABLE KEYS */;

-- Exportiere Struktur von Tabelle wein.handel3.laender
CREATE TABLE IF NOT EXISTS `laender` (
  `id_land` varchar(2) NOT NULL DEFAULT '0',
  `land_name` varchar(50) NOT NULL DEFAULT '0',
  `kontinent_id` int(2) NOT NULL DEFAULT '0',
  PRIMARY KEY (`id_land`),
  KEY `kontinent_id` (`kontinent_id`)
) ENGINE=InnoDB DEFAULT CHARSET=utf8;

-- Exportiere Daten aus Tabelle wein.handel3.laender: ~248 rows (ungefähr)
/*!40000 ALTER TABLE `laender` DISABLE KEYS */;
INSERT INTO `laender` (`id_land`, `land_name`, `kontinent_id`) VALUES
	('AD', 'Andorra', 3),
	('AE', 'Vereinigte Arabische Emirate', 1),
	('AF', 'Afghanistan', 1),
	('AG', 'Antigua und Barbuda', 5),
	('AI', 'Anguilla', 5),
	('AL', 'Albanien', 3),
	('AM', 'Armenien', 1),
	('AN', 'Niederländische Antillen', 5),
	('AO', 'Angola', 2),
	('AQ', 'Antarktis', 6),
	('AR', 'Argentinien', 7),
	('AS', 'Amerikanisch Samoa', 4),
	('AT', 'Österreich', 3),
	('AU', 'Australien', 8),
	('AW', 'Aruba', 5),
	('AX', 'Ålandinseln', 3),
	('AZ', 'Aserbaidschan', 1),
	('BA', 'Bosnien und Herzegowina', 3),
	('BB', 'Barbados', 5),
	('BD', 'Bangladesch', 1),
	('BE', 'Belgien', 3),
	('BF', 'Burkina Faso', 2),
	('BG', 'Bulgarien', 3),
	('BH', 'Bahrain', 1),
	('BI', 'Burundi', 2),
	('BJ', 'Benin', 2),
	('BL', 'Sankt Bartholomäus', 10),
	('BM', 'Bermuda', 5),
	('BN', 'Brunei', 1),
	('BO', 'Bolivien', 7),
	('BR', 'Brasilien', 7),
	('BS', 'Bahamas', 5),
	('BT', 'Bhutan', 1),
	('BV', 'Bouvetinsel', 6),
	('BW', 'Botswana', 2),
	('BY', 'Belarus', 3),
	('BZ', 'Belize', 9),
	('CA', 'Kanada', 5),
	('CC', 'Kokosinseln', 8),
	('CD', 'Demokratische Republik Kongo', 2),
	('CF', 'Zentralafrikanische Republik', 2),
	('CG', 'Kongo', 2),
	('CH', 'Schweiz', 3),
	('CI', 'Elfenbeinküste', 2),
	('CK', 'Cookinseln', 4),
	('CL', 'Chile', 7),
	('CM', 'Kamerun', 2),
	('CN', 'China', 1),
	('CO', 'Kolumbien', 7),
	('CR', 'Costa Rica', 9),
	('CU', 'Kuba', 5),
	('CV', 'Kap Verde', 2),
	('CW', 'Curaçao', 10),
	('CX', 'Weihnachtsinsel', 8),
	('CY', 'Zypern', 1),
	('CZ', 'Tschechien', 3),
	('DE', 'Deutschland', 3),
	('DJ', 'Dschibuti', 2),
	('DK', 'Dänemark', 3),
	('DM', 'Dominica', 5),
	('DO', 'Dominikanische Republik', 5),
	('DZ', 'Algerien', 2),
	('EC', 'Ecuador', 7),
	('EE', 'Estland', 3),
	('EG', 'Ägypten', 2),
	('EH', 'Westsahara', 2),
	('ER', 'Eritrea', 2),
	('ES', 'Spanien', 3),
	('ET', 'Äthiopien', 2),
	('FI', 'Finnland', 3),
	('FJ', 'Fidschi', 4),
	('FK', 'Falklandinseln', 7),
	('FM', 'Mikronesien', 4),
	('FO', 'Färöer-Inseln', 3),
	('FR', 'Frankreich', 3),
	('GA', 'Gabun', 2),
	('GB', 'Vereinigtes Königreich', 3),
	('GD', 'Grenada', 5),
	('GE', 'Georgien', 1),
	('GF', 'Französisch-Guayana', 7),
	('GG', 'Guernsey', 3),
	('GH', 'Ghana', 2),
	('GI', 'Gibraltar', 3),
	('GL', 'Grönland', 5),
	('GM', 'Gambia', 2),
	('GN', 'Guinea', 2),
	('GP', 'Guadeloupe', 5),
	('GQ', 'Äquatorialguinea', 2),
	('GR', 'Griechenland', 3),
	('GS', 'Südgeorgien und die Südlichen Sandwichinseln', 6),
	('GT', 'Guatemala', 9),
	('GU', 'Guam', 4),
	('GW', 'Guinea-Bissau', 2),
	('GY', 'Guyana', 7),
	('HK', 'Hongkong', 1),
	('HM', 'Heard und McDonaldinseln', 6),
	('HN', 'Honduras', 9),
	('HR', 'Kroatien', 3),
	('HT', 'Haiti', 5),
	('HU', 'Ungarn', 3),
	('ID', 'Indonesien', 1),
	('IE', 'Irland', 3),
	('IL', 'Israel', 1),
	('IM', 'Insel Man', 3),
	('IN', 'Indien', 1),
	('IO', 'Britisches Territorium im Indischen Ozean', 2),
	('IQ', 'Irak', 1),
	('IR', 'Iran', 1),
	('IS', 'Island', 3),
	('IT', 'Italien', 3),
	('JE', 'Jersey', 3),
	('JM', 'Jamaika', 5),
	('JO', 'Jordanien', 1),
	('JP', 'Japan', 1),
	('KE', 'Kenia', 2),
	('KG', 'Kirgisistan', 1),
	('KH', 'Kambodscha', 1),
	('KI', 'Kiribati', 4),
	('KM', 'Komoren', 2),
	('KN', 'St. Kitts und Nevis', 5),
	('KP', 'Nordkorea', 1),
	('KR', 'Südkorea', 1),
	('KW', 'Kuwait', 1),
	('KY', 'Kaimaninseln', 5),
	('KZ', 'Kasachstan', 1),
	('LA', 'Laos', 1),
	('LB', 'Libanon', 1),
	('LC', 'St. Lucia', 5),
	('LI', 'Liechtenstein', 3),
	('LK', 'Sri Lanka', 1),
	('LR', 'Liberia', 2),
	('LS', 'Lesotho', 2),
	('LT', 'Litauen', 3),
	('LU', 'Luxemburg', 3),
	('LV', 'Lettland', 3),
	('LY', 'Libyen', 2),
	('MA', 'Marokko', 2),
	('MC', 'Monaco', 3),
	('MD', 'Moldawien', 3),
	('ME', 'Montenegro', 3),
	('MG', 'Madagaskar', 2),
	('MH', 'Marshallinseln', 4),
	('MK', 'Mazedonien', 3),
	('ML', 'Mali', 2),
	('MM', 'Myanmar', 1),
	('MN', 'Mongolei', 1),
	('MO', 'Macau', 1),
	('MP', 'Nördliche Marianen', 4),
	('MQ', 'Martinique', 5),
	('MR', 'Mauretanien', 2),
	('MS', 'Montserrat', 5),
	('MT', 'Malta', 3),
	('MU', 'Mauritius', 2),
	('MV', 'Malediven', 1),
	('MW', 'Malawi', 2),
	('MX', 'Mexiko', 5),
	('MY', 'Malaysia', 1),
	('MZ', 'Mosambik', 2),
	('NA', 'Namibia', 2),
	('NC', 'Neukaledonien', 4),
	('NE', 'Niger', 2),
	('NF', 'Norfolkinsel', 8),
	('NG', 'Nigeria', 2),
	('NI', 'Nicaragua', 9),
	('NL', 'Niederlande', 3),
	('NO', 'Norwegen', 3),
	('NP', 'Nepal', 1),
	('NR', 'Nauru', 4),
	('NU', 'Niue', 4),
	('NZ', 'Neuseeland', 8),
	('OM', 'Oman', 1),
	('PA', 'Panama', 9),
	('PE', 'Peru', 7),
	('PF', 'Französisch-Polynesien', 4),
	('PG', 'Papua-Neuguinea', 4),
	('PH', 'Philippinen', 1),
	('PK', 'Pakistan', 1),
	('PL', 'Polen', 3),
	('PM', 'St. Pierre und Miquelon', 5),
	('PN', 'Pitcairninseln', 4),
	('PR', 'Puerto Rico', 5),
	('PS', 'Palästina', 1),
	('PT', 'Portugal', 3),
	('PW', 'Palau', 4),
	('PY', 'Paraguay', 7),
	('QA', 'Katar', 1),
	('RE', 'Réunion', 2),
	('RO', 'Rumänien', 3),
	('RS', 'Serbien', 3),
	('RU', 'Russland', 3),
	('RW', 'Ruanda', 2),
	('SA', 'Saudi-Arabien', 1),
	('SB', 'Salomonen', 4),
	('SC', 'Seychellen', 2),
	('SD', 'Sudan', 2),
	('SE', 'Schweden', 3),
	('SG', 'Singapur', 1),
	('SH', 'St. Helena', 2),
	('SI', 'Slowenien', 3),
	('SJ', 'Svalbard und Jan Mayen', 3),
	('SK', 'Slowakei', 3),
	('SL', 'Sierra Leone', 2),
	('SM', 'San Marino', 3),
	('SN', 'Senegal', 2),
	('SO', 'Somalia', 2),
	('SR', 'Suriname', 7),
	('SS', 'Südsudan', 2),
	('ST', 'São Tomé und Príncipe', 2),
	('SV', 'El Salvador', 9),
	('SX', 'Sint Maarten', 10),
	('SY', 'Syrien', 1),
	('SZ', 'Swasiland', 2),
	('TC', 'Turks und Caicosinseln', 5),
	('TD', 'Tschad', 2),
	('TF', 'Französische Süd- und Antarktisgebiete', 6),
	('TG', 'Togo', 2),
	('TH', 'Thailand', 1),
	('TJ', 'Tadschikistan', 1),
	('TK', 'Tokelau', 4),
	('TL', 'Osttimor', 1),
	('TM', 'Turkmenistan', 1),
	('TN', 'Tunesien', 2),
	('TO', 'Tonga', 4),
	('TR', 'Türkei', 1),
	('TT', 'Trinidad und Tobago', 5),
	('TV', 'Tuvalu', 4),
	('TW', 'Taiwan', 1),
	('TZ', 'Tansania', 2),
	('UA', 'Ukraine', 3),
	('UG', 'Uganda', 2),
	('US', 'Vereinigte Staaten von Amerika', 5),
	('UY', 'Uruguay', 7),
	('UZ', 'Usbekistan', 1),
	('VA', 'Vatikanstadt', 3),
	('VC', 'St. Vincent und die Grenadinen', 5),
	('VE', 'Venezuela', 7),
	('VG', 'Jungferninseln (UK)', 5),
	('VI', 'Jungferninseln (US)', 5),
	('VN', 'Vietnam', 1),
	('VU', 'Vanuatu', 4),
	('WF', 'Wallis und Futuna', 4),
	('WS', 'Samoa', 4),
	('XK', 'Kosovo', 3),
	('YE', 'Jemen', 1),
	('YT', 'Mayotte', 2),
	('ZA', 'Südafrika', 2),
	('ZM', 'Sambia', 2),
	('ZW', 'Simbabwe', 2);
/*!40000 ALTER TABLE `laender` ENABLE KEYS */;

-- Exportiere Struktur von Tabelle wein.handel3.plz
CREATE TABLE IF NOT EXISTS `plz` (
  `id_plz` int(4) NOT NULL AUTO_INCREMENT,
  `plz` varchar(20) DEFAULT NULL,
  PRIMARY KEY (`id_plz`)
) ENGINE=InnoDB DEFAULT CHARSET=utf8;

-- Exportiere Daten aus Tabelle wein.handel3.plz: ~0 rows (ungefähr)
/*!40000 ALTER TABLE `plz` DISABLE KEYS */;
/*!40000 ALTER TABLE `plz` ENABLE KEYS */;

-- Exportiere Struktur von Tabelle wein.handel3.produkt
CREATE TABLE IF NOT EXISTS `produkt` (
  `id_produkt` int(4) unsigned NOT NULL AUTO_INCREMENT,
  `produkt_nummer` int(4) unsigned DEFAULT NULL,
  `produkt_name` varchar(150) DEFAULT NULL,
  `produkt_beschr` varchar(300) DEFAULT NULL,
  `produkt_preis` decimal(10,2) unsigned DEFAULT NULL,
  `produkt_volumen` float unsigned DEFAULT NULL,
  `weintyp_id` int(1) unsigned DEFAULT NULL,
  `weingut_id` int(3) unsigned DEFAULT NULL,
  `produkt_text` varchar(2500) DEFAULT NULL,
  `produkt_create` timestamp NULL DEFAULT CURRENT_TIMESTAMP,
  `produkt_change` timestamp NULL DEFAULT CURRENT_TIMESTAMP ON UPDATE CURRENT_TIMESTAMP,
  PRIMARY KEY (`id_produkt`),
  KEY `weintyp_id` (`weintyp_id`),
  KEY `weingut_id` (`weingut_id`)
) ENGINE=InnoDB AUTO_INCREMENT=512 DEFAULT CHARSET=utf8;

-- Exportiere Daten aus Tabelle wein.handel3.produkt: ~468 rows (ungefähr)
/*!40000 ALTER TABLE `produkt` DISABLE KEYS */;
INSERT INTO `produkt` (`id_produkt`, `produkt_nummer`, `produkt_name`, `produkt_beschr`, `produkt_preis`, `produkt_volumen`, `weintyp_id`, `weingut_id`, `produkt_text`, `produkt_create`, `produkt_change`) VALUES
	(1, 71, 'Brut Tradition', 'Assemblage aus Pinot Noir Pinot Meunier u. Chardonnay', 21.50, 0.75, 1, 1, '', '2016-12-05 10:47:59', '2016-12-05 10:48:52'),
	(2, 72, 'Brut Reserve', 'Blanc de Blancs 100% Chardonnay Grand Cru', 23.50, 0.75, 1, 1, '', '2016-12-05 10:47:59', '2016-12-05 10:48:52'),
	(3, 73, 'Brut Reserve', 'Blanc de Blancs 100% Chardonnay Grand Cru', 12.30, 0.375, 1, 1, '', '2016-12-05 10:47:59', '2016-12-05 10:48:52'),
	(4, 74, 'Cuvée Prestige Brut', 'Blanc de Blancs 100% Chardonnay Grand Cru mind. 3 Jahre Hefelager', 25.90, 0.75, 1, 1, '', '2016-12-05 10:47:59', '2016-12-05 10:48:52'),
	(5, 75, 'Brut Reserve', 'Blanc de Blancs 100% Chardonnay Grand Cru', 53.00, 1.5, 1, 1, '', '2016-12-05 10:47:59', '2016-12-05 10:48:52'),
	(6, 98, 'Amarone Classico DOC 2000', 'della Valpolicella', 20.00, 0.75, 2, 2, '', '2016-12-05 10:47:59', '2016-12-05 10:48:52'),
	(7, 409, 'Weisswein Feinherb', 'Schloss Boosenburg Alkoholfrei', 6.20, 0.75, 3, 3, '', '2016-12-05 10:47:59', '2016-12-05 10:48:52'),
	(8, 410, 'Rotwein Alkoholfrei', 'Schloss Boosenburg', 5.70, 0.75, 2, 3, '', '2016-12-05 10:47:59', '2016-12-05 10:48:52'),
	(9, 444, 'Gran Claustro 2000', '', 49.00, 0.75, 2, 4, '', '2016-12-05 10:47:59', '2016-12-05 10:48:52'),
	(10, 458, 'Monfil Tinto', '', 4.90, 0.75, 2, 5, '', '2016-12-05 10:47:59', '2016-12-05 10:48:52'),
	(11, 473, 'Quinta do Noval Port', 'Portwein Noval 10 years old Port', 21.90, 0.75, 2, 6, '', '2016-12-05 10:47:59', '2016-12-05 10:48:52'),
	(12, 474, 'Quinta do Noval Port', 'Portwein Noval L.B. Port', 15.90, 0.75, 2, 6, '', '2016-12-05 10:47:59', '2016-12-05 10:48:52'),
	(13, 479, 'Brut Tradition', 'Assemblage aus Pinot Noir Pinot Meunier u. Chardonnay', 49.00, 1.5, 1, 1, '', '2016-12-05 10:47:59', '2016-12-05 10:48:52'),
	(14, 480, 'Brut Reserve Jeroboam Doppelmagnum', 'Blanc de Blancs 100% Chardonnay Grand Cru', 150.00, 3, 1, 1, '', '2016-12-05 10:47:59', '2016-12-05 10:48:52'),
	(15, 482, 'Mousseux Schaumwein', 'Schloss Boosenburg Alkoholfrei', 6.50, 0.75, 4, 3, '', '2016-12-05 10:47:59', '2016-12-05 10:48:52'),
	(16, 483, 'Merlot Rotwein', 'Schloss Boosenburg Alkoholfrei', 6.20, 0.75, 2, 3, '', '2016-12-05 10:47:59', '2016-12-05 10:48:52'),
	(17, 512, 'Kaapzicht Cabernet Sauvignon 2004', 'Cabernet Sauvignon 12 Mon. Barrique', 13.90, 0.75, 2, 7, '', '2016-12-05 10:47:59', '2016-12-05 10:48:52'),
	(18, 516, 'D`Arenberg d´Arry`s Original 2005', '50% Shiraz, 50% Grenache', 11.30, 0.75, 2, 8, 'Der Wein, der D\'Arenberg in den 60iger Jahren bekannt machte. Würzige Zimt- und Pflaumenaromen, Kirsche, Wilderdbeere, weich und reichhaltig in der Mitte, weiches und leicht pikantes Tannin im Finale. Der Wein, der d\'Arry Osborn in den 60igern bekannt machte, in seiner unverfälschten Art.', '2016-12-05 10:47:59', '2016-12-05 10:48:52'),
	(19, 518, 'D`Arenberg The Ironstone Pressings 1999', 'Shiraz/Grenache', 29.90, 0.75, 2, 8, 'Roter Eisenoxyd-Stein gibt dem Wein Ausdruck und Tannine und einen Namen: Ein monumentaler Wein, trotzdem elegant. Die Farbe zeigt tiefes Pflaumenrot, Aromen nach Schwarzkirsche, Zedernholz, Bitterschokolade, Maulbeeren, reife Pflaumen dominieren, vollmundig, intensives Tannin im Finale. Ein großer Wein. Verändert sich stetig mit zunehmender Lagerung.', '2016-12-05 10:47:59', '2016-12-05 10:48:52'),
	(20, 538, 'Barbaresco DOCG 2005', 'La Casa In Collina', 18.90, 0.75, 2, 9, '', '2016-12-05 10:47:59', '2016-12-05 10:48:52'),
	(21, 539, 'Quinta do Noval Port', 'Noval Vintage Port Silval 1998', 36.90, 0.75, 2, 6, '', '2016-12-05 10:47:59', '2016-12-05 10:48:52'),
	(22, 541, 'Seta 2000', '2 Jahre Barrique Sangiovese, Merlot, Cabernet Sauvignon ', 18.90, 0.75, 2, 10, 'Der Seta 2000 hat ein sattes Rubinrot mit leichten violetten Reflexen. In der Nase entwickeln sich intensive Beerenaromen sowie Gewürznoten mit den dezenten Röstaromen der Barriques. Der Wein ist im Mund weich und füllig mit erneut stark ausgeprägter Beerenfrucht. Der Wein ist sehr harmonisch mit feinen Taninen. Sein ganzes Potential zeigt der Wein, wenn er dekantiert wird. Er hat ein gutes Entwicklungspotential bereitet, aber schon enormen Trinkspass.\nGenussreife jetzt bis 2009.', '2016-12-05 10:47:59', '2016-12-05 10:48:52'),
	(23, 542, 'Calzalunga 2000', '2 Jahre Barrique Sangiovese, Merlot, Cabernet Sauvignon ', 49.90, 0.75, 2, 10, '', '2016-12-05 10:47:59', '2016-12-05 10:48:52'),
	(24, 543, 'Seta 2001', '2 Jahre Barrique Sangiovese, Merlot, Cabernet Sauvignon ', 18.90, 0.75, 2, 10, 'Der Seta 2001 zeigt sich zunächst etwas kantiger als sein Vorgänger, aber es lohnet sich den Wein zu dekantieren oder 1-2 Stunden vor dem trinken zu öffnen. Denn jetzt entwickelt sich auch am Gaumen was die Nase schon lange vermuten läßt. intensive Beerenaromen, voller Röstgeschmack ein Gehaltvoller Wein mit sehr gutem Lagerpotential, der in seiner Struktur sicher noch an Komplexität gewinnen wird. Trinkbar bis mind. 2012', '2016-12-05 10:47:59', '2016-12-05 10:48:52'),
	(25, 544, 'Calzalunga 2001', '2 Jahre Barrique Sangiovese, Merlot, Cabernet Sauvignon ', 49.90, 0.75, 2, 10, '', '2016-12-05 10:47:59', '2016-12-05 10:48:52'),
	(26, 550, 'Fattoria Le Corti, Cortevecchia 2003', 'Chianti Classico Riserva DOCG', 18.90, 0.75, 2, 11, '', '2016-12-05 10:47:59', '2016-12-05 10:48:52'),
	(27, 564, 'Enate Antonie Tàpies Reserva Especial 1998', 'Cabernet Sauvignon, Merlot ', 85.00, 0.75, 2, 12, 'Farbe: Schwärzlicher Brombeerton\nCharakteristik: Hohe Konzentration und Dichte, Aromen von Brombeeren, Kaffee, Leder, Gewürzen, großer Reichtum, sehr lang\nLagerfähigkeit: über 8 Jahre Gesamtsäure: 5,7 g/l\nAlkoholgehalt: 14 %vol.\nRestzucker: 1,8 g/l\nGastronomische Empfehlungen:\nkräftige Gerichte von Schwein und Rind, Braten in dunklen Soßen, gegrilltes Fleisch, Lamm und Wild, kräftige Käsesorten. ', '2016-12-05 10:47:59', '2016-12-05 10:48:52'),
	(28, 577, 'Isole e Olena Cepparello 2005', '100 % Sangiovese ', 41.90, 0.75, 2, 13, '', '2016-12-05 10:47:59', '2016-12-05 10:48:52'),
	(29, 609, 'Vega Sicilia Unico 1987', '', 210.00, 0.75, 2, 14, '', '2016-12-05 10:47:59', '2016-12-05 10:48:52'),
	(30, 610, 'Vega Sicilia Reserva Especial', '', 230.00, 0.75, 2, 14, '', '2016-12-05 10:47:59', '2016-12-05 10:48:52'),
	(31, 611, 'Penfolds Grange 1997 BIN 95', 'Shiraz (96%), Cabernet Sauvignon (4%) Trinkreife: 2007-2030 Ausbau: 20 Monate in Amerikanischer Eiche', 250.00, 0.75, 2, 15, '', '2016-12-05 10:47:59', '2016-12-05 10:48:52'),
	(32, 615, 'd´Yquem 1966', '', 410.00, 0.75, 3, 16, '', '2016-12-05 10:47:59', '2016-12-05 10:48:52'),
	(33, 623, 'Pedro Ximenez Sherry Viejo', '', 14.90, 0.75, 2, 17, '', '2016-12-05 10:47:59', '2016-12-05 10:48:52'),
	(34, 1000, 'Enate Gustavo Torner Reserva Especial 2000', 'Cabernet Sauvignon, Merlot ', 88.00, 0.75, 2, 12, 'Farbe: Schwärzlicher Brombeerton\nCharakteristik: intensiv, komplex, Aromen von getrockneten Pflaumen und Blaubeeren, würzige Noten von Mokka und Kakao, fleischig, imposant\nLagerfähigkeit: über 8 Jahre Gesamtsäure: 5 g/l\nAlkoholgehalt: 14 %vol. Restzucker: 1,82 g/l\n', '2016-12-05 10:47:59', '2016-12-05 10:48:52'),
	(35, 1002, 'La Spinetta Pin DOC 2006', 'Barbera, Nebbiolo ', 35.00, 0.75, 2, 18, '', '2016-12-05 10:47:59', '2016-12-05 10:48:52'),
	(36, 1004, 'Mousseux Schaumwein Peach', 'Schloss Boosenburg Alkoholfrei mit Pfirsicharoma', 6.50, 0.75, 4, 3, '', '2016-12-05 10:47:59', '2016-12-05 10:48:52'),
	(37, 1005, 'Rosé', 'Schloss Boosenburg Alkoholfrei', 5.70, 0.75, 5, 3, '', '2016-12-05 10:47:59', '2016-12-05 10:48:52'),
	(38, 1015, 'La Spinetta Valeriano Vursu DOCG 1999', 'Barbaresco Cru, Nebbiolo Gambero Rosso 2 Gläser R. Parker 92 Punkte Veronelli***', 85.00, 0.75, 2, 18, 'Farbe: dunkles Kirschrot\nRebsorte: Nebbiolo\nCharakteristik: Konzentriert, fleischig, dunkle Beerentöne, weiches Tannin, reich und lang\nDie Analyse\nLagerfähigkeit: über 12 Jahre Alkoholgehalt: ca. 14,5 % vol.\nTrinktemperatur: 17 - 20 Grad Gesamtsäure: ca. 6g/l\nRestzucker: ca. 1g/l\nGastronomische Empfehlungen\nkräftige Gerichte von Schwein und Rind, Braten in dunklen Soßen, gegrilltes Fleisch, Lamm und Wild, kräftige Käsesorten', '2016-12-05 10:47:59', '2016-12-05 10:48:52'),
	(39, 1017, 'Ònix Evolució 2004', '40% Garnacha / 10% Carinena / 50%Cab.-Sauv. 12 Mon. Barrique', 19.00, 0.75, 2, 19, 'Weinausbau: 12 Monate in Barriques aus französischer und amerikanischer Eiche\nDegustationsnotiz: Dieser in Barriques ausgebaute Rotwein wurde bisher unter der Bezeichnung „l’Arc“ vermarktet und hat seinen Stil beibehalten:\nKräftiges Grantrot mit violettem Schimmer. Im Bukett Anklänge von dunklen Kirschen, Schlehen, Zigarrenbox. Samtig und dicht auf dem Gaumen, aber nicht wuchtig. Anfangs noch etwas verschlossen zeigt er nach dem Dekantieren seine Komplexität: schöner Mix von Frucht (Cassis, Heidelbeeren, Schlehen), Trüffel- und Mineral-Aromen. Im eindrucksvollen Finale elegant mit gut ausbalancierten Tanninen und einer leichten Vanille-Note vom neuen Holz.\nTrinkreife: bis 2012\nSpeisenempfehlungen:\nDieser Wein krönt den Festtagsbraten von Lamm, Rind und Wild. ', '2016-12-05 10:47:59', '2016-12-05 10:48:52'),
	(40, 1068, 'Cusumano Syrah IGT 2008', '', 5.40, 0.75, 2, 20, '', '2016-12-05 10:47:59', '2016-12-05 10:48:52'),
	(41, 1072, 'Cusumano Benuara Magnum IGT 2007', 'Nero D`Avola, Syrah ', 25.00, 1.5, 2, 20, '', '2016-12-05 10:47:59', '2016-12-05 10:48:52'),
	(42, 1085, 'Onix Clàssic 2005', 'Garnacha/Carinena ', 8.50, 0.75, 2, 19, 'Rebsorte: 70% Garnacha, 30% Cariñena\nWeinausbau: ohne Barrique\nDegustationsnotiz: Purpurrot, violette Reflexe, in Bukett und auf dem Gaumen dominiert eine delikate intensive Frucht, die an reife schwarze Kirschen und Pflaumen erinnert. Diese geschmeidige Frucht ist unterlegt mit mineralischen Komponenten und Anklängen von mediterranen Kräutern (Rosmarin, Lavendel, Minze). Trotz seiner Vollmundigkeit kein  Blockbuster  sondern animierend und charmant im Finish.\nTrinkreife: bis 2009\nSpeisenempfehlungen:\nWir empfehlen ihn zu allen kräftigen Fleischgerichten, deftigen Eintöpfen und Würsten, sowie zu gereiftem Käse.', '2016-12-05 10:47:59', '2016-12-05 10:48:52'),
	(43, 1087, 'Masseria dei Carmelitani 2009', 'Gavi di Gavi DOCG', 8.50, 0.75, 3, 21, 'Der Wein mit besonders beachtenswerter Struktur entfaltet ein feines, fruchtiges Bouquet. Im Geschmack ist er anhaltend und vollmundig, samtig und harmonisch.\n\nEmpfohlene Trinktemperatur: 10 – 12° C.', '2016-12-05 10:47:59', '2016-12-05 10:48:52'),
	(44, 1089, 'Poliziano Vino Nobile di Montepulciano Asinone 2005', 'Prugnolo Gentile Merlot, Canaiolo Nero, Mammolo und Colorino ', 28.90, 0.75, 2, 22, '', '2016-12-05 10:47:59', '2016-12-05 10:48:52'),
	(45, 1094, 'Cardeto Rupestro 2004', '', 6.00, 0.75, 2, 23, '', '2016-12-05 10:47:59', '2016-12-05 10:48:52'),
	(46, 1098, 'Azagador Crianza 2007', 'Tempranillo, Cabernet Sauvignon, Merlot ', 5.50, 0.75, 2, 24, '', '2016-12-05 10:47:59', '2016-12-05 10:48:52'),
	(47, 1124, 'Re Manfredi Aglianico del Vulture DOC 2003', '100% Aglianico', 12.50, 0.75, 2, 25, '', '2016-12-05 10:47:59', '2016-12-05 10:48:52'),
	(48, 1130, 'Alabanza Crianza DOC 2005', 'Tempranillo, Mazuelo Im Barrique', 10.50, 0.75, 2, 26, '', '2016-12-05 10:47:59', '2016-12-05 10:48:52'),
	(49, 1132, 'Magana Dignus DO Crianza 2004', 'Merlot, Tempranillo, Cabernet Sauvignon, Cabernet Im Barrique', 8.90, 0.75, 2, 27, 'Farbe: weicher dunkler Rubinton\nCharakteristik: würzige Beerentöne, ein feuriges Panorama voll schöner Aspekte, große Tiefe\nLagerfähigkeit: 7 - 12 Jahre\nGastronomische Empfehlungen\nkräftige Gerichte von Schwein und Rind (Braten in dunklen Soßen, gegrilltes Fleisch), Lamm, Wild, Hartkäse, Edelschimmelkäse', '2016-12-05 10:47:59', '2016-12-05 10:48:52'),
	(50, 1138, 'Magana Baron De Magana DO Crianza 2003', 'Merlot, Tempranillo, Cabernet Sauvignon Im Barrique', 12.90, 0.75, 2, 27, 'Farbe: satter Rubinton\nCharakteristik: gute Struktur, fleischig, elegante Vanilletöne, Aromen von schwarzen Beeren, großer Stoff\nLagerfähigkeit: 8 - 12 Jahre Gesamtsäure: 5,7 g/l\nAlkoholgehalt: 13 %vol.\nRestzucker: 1,63 g/l\nGastronomische Empfehlungen:\nKräftige Gerichte von Schwein und Rind, Braten in dunklen Soßen, gegrilltes Fleisch, Lamm und Wild, kräftige Käsesorten', '2016-12-05 10:47:59', '2016-12-05 10:48:52'),
	(51, 1139, 'Magana Calechtas DO 2002', 'Merlot, Cabernet Sauvignon, Malbec, Syrah', 29.50, 0.75, 2, 27, 'Farbe: dunkler Brombeerton\nCharakteristik: kraftvoll, komlpex, Aromen von Brombeere, Sauerkirsche, Leder, Lakritz, weiches Tannin, große Art\nLagerfähigkeit: 8 - 12 Jahre Gesamtsäure: 6,2 g/l\nAlkoholgehalt: 13,44 %vol.\nGastronomische Empfehlungen:\nkräftige Gerichte von Schwein und Rind, Braten in dunklen Soßen, gegrilltes Fleisch, Lamm und Wild, kräftiger Hartkäse.', '2016-12-05 10:47:59', '2016-12-05 10:48:52'),
	(52, 1154, 'Enate Rosado DO 2008', 'Cabernet Sauvignon', 10.90, 0.75, 5, 12, '', '2016-12-05 10:47:59', '2016-12-05 10:48:52'),
	(53, 1157, 'Enate Cabernet Sauvignon Reserva 2002', 'Cabernet Sauvignon', 19.50, 0.75, 2, 12, 'Farbe: dunkles Rubinrot\nCharakteristik: Viel Stoff, große Dichte, komplexe Aromen von Waldbeeren, Minze, süßer Paprika, zartbitterer Schokolade und Lorbeer, edel\nLagerfähigkeit: 8 - 12 Jahre Gesamtsäure: 5,3 g/l\nAlkoholgehalt: 14 %vol.\nRestzucker: 2 g/l\nGastronomische Empfehlungen\nkräftige Gerichte von Schwein und Rind (Braten in dunklen Soßen, gegrilltes Fleisch), Lamm und Wildgerichte, kräftige Käsesorten', '2016-12-05 10:47:59', '2016-12-05 10:48:52'),
	(54, 1159, 'Enate Chardonnay Barrique DO 2005', 'Chardonnay', 21.00, 0.75, 3, 12, 'Farbe: intensiver Gelbgoldton\nCharakteristik: Intensiv, viel Körper, komplexe Aromen von Ananas, Papaya, Grapefruit und Haselnuß, erfrischende Säure, zarter Vanilleton, sehr lang\nLagerfähigkeit: 4 - 7 Jahre\nGesamtsäure: 4,9 g/l\nAlkoholgehalt: 13,5 %vol.\nRestzucker: 1,9 g/l\n\nGastronomische Empfehlungen\nNudelgerichte mit hellen Soßen, kräftiges Risotto, kräftige Fische und Schalentiere, Geflügel und helles Fleisch (Kalb), milde Käsesorten', '2016-12-05 10:47:59', '2016-12-05 10:48:52'),
	(55, 1171, 'Aldo Conterno Conca Tre Pile 2006', 'Babera D\'Alba Cru DOC 100% Babera, Barrique', 26.90, 0.75, 2, 28, '', '2016-12-05 10:47:59', '2016-12-05 10:48:52'),
	(56, 1172, 'Aldo Conterno Bussia Soprana 2004', 'Barolo Cru DOCG 100% Nebbiolo, Barrique', 55.00, 0.75, 2, 28, 'Farbe: Dunkler Rotton\nRebsorte: Nebbiolo\nCharakteristik: Kraft und Fülle, stoffreich, klassisches Profil, zartes Goudron, große Harmonie\nGastronomische Empfehlungen:\nKräftige Gerichte von Schwein und Rind (Braten in dunklen Soßen, gegrilltes Fleisch), Lamm, Wild, Hartkäse, Edelschimmelkäse Aperitif, Nudelgerichte mit hellen Soßen', '2016-12-05 10:47:59', '2016-12-05 10:48:52'),
	(57, 1173, 'Aldo Conterno Colonello 2005', 'Barolo Cru DOCG 100% Nebbiolo, Barrique', 90.00, 0.75, 2, 28, 'Farbe: dunkles Kirschrot\nRebsorte: Nebbiolo\nCharakteristik: viel Stoff und Kraft, komplex, Aromen von Waldbeeren und Süßholz\nGastronomische Empfehlungen\nkräftige Fleischgerichte aus dem Ofen. Kurz gegrilltes vom Rind oder Lamm. Feine Nudelgerichte mit kräftigen Saucen aus Pilzen oder Trüffel', '2016-12-05 10:47:59', '2016-12-05 10:48:52'),
	(58, 1176, 'Costa di Bussia Barolo 2004', '100% Nebbiolo DOCG', 25.90, 0.75, 2, 29, 'Farbe: Mittlerer Granatton\nRebsorte: Nebbiolo\nCharakteristik: Feiner Stoff, Noten von welken Rosen und Menthol, weiches Tannin, geschmeidig\nGastronomische Empfehlungen\nKräftige Gerichte von Schwein und Rind, Braten in dunklen Soßen, gegrilltes Fleisch, Lamm und Wild, kräftige Käsesorten', '2016-12-05 10:47:59', '2016-12-05 10:48:52'),
	(59, 1192, 'Elderton Command Shiraz 2001', 'WineSpectator 96 Punkte', 54.00, 0.75, 2, 30, '', '2016-12-05 10:47:59', '2016-12-05 10:48:52'),
	(60, 1194, 'Sant`Antonio Passito DOC 2002', 'Colori d`Autunno 100 % Chardonnay Dessertwein traumhafte Farbe, unglaubliche Aromenvielfalt', 19.90, 0.375, 3, 31, '', '2016-12-05 10:47:59', '2016-12-05 10:48:52'),
	(61, 1195, 'Trabucchi Passito 1999', 'Sparavieri 100% Garganega Dessertwein süß traumhaft Biowein', 18.50, 0.5, 3, 32, '', '2016-12-05 10:47:59', '2016-12-05 10:48:52'),
	(62, 1196, 'Poliziano Rosso di Montepulciano DOC 2006', '80% Sangiovese, 20% Merlot ', 9.50, 0.75, 2, 22, '', '2016-12-05 10:47:59', '2016-12-05 10:48:52'),
	(63, 1202, 'San Nicolao Barbera D`Asti DOC 2007', '100 % Barbera', 6.50, 0.75, 2, 33, '', '2016-12-05 10:47:59', '2016-12-05 10:48:52'),
	(64, 1206, 'Settesoli Bonera 2005', '', 6.60, 0.75, 2, 34, ' ', '2016-12-05 10:47:59', '2016-12-05 10:48:52'),
	(65, 1209, 'Kaapzicht Estate Shiraz 2005', '100 % Shiraz 12 Mon. Barrique ', 14.50, 0.75, 2, 7, '', '2016-12-05 10:47:59', '2016-12-05 10:48:52'),
	(66, 1215, 'Mitolo Jester Cabernet Sauvignon 2007', '100% Cabernet Sauvignon', 17.50, 0.75, 2, 35, '', '2016-12-05 10:47:59', '2016-12-05 10:48:52'),
	(67, 1276, 'El Vinculo Reserva 2003', '100 Tempranillo, 24 Mon Barriques', 23.00, 0.75, 2, 36, '', '2016-12-05 10:47:59', '2016-12-05 10:48:52'),
	(68, 1284, 'Sant`Antonio Amarone DOC 2004', 'Selezione Castagnedi', 23.90, 0.75, 2, 31, '', '2016-12-05 10:47:59', '2016-12-05 10:48:52'),
	(69, 1290, 'Cusumano Jalé IGT 2008', '100% Chardonnay ', 16.90, 0.75, 3, 20, '', '2016-12-05 10:47:59', '2016-12-05 10:48:52'),
	(70, 1292, 'Masi Toar 2003', '', 13.50, 0.75, 2, 37, '', '2016-12-05 10:47:59', '2016-12-05 10:48:52'),
	(71, 1297, 'Settesoli Bendico 2005', 'Nero d`Avola, Merlot, Syrah ', 11.90, 0.75, 2, 34, '', '2016-12-05 10:47:59', '2016-12-05 10:48:52'),
	(72, 1298, 'Kaapzicht Bin 3 2006', 'Cabernet Sauvignon / Merlot 4 Mon. Barrique', 9.90, 0.75, 2, 7, '', '2016-12-05 10:47:59', '2016-12-05 10:48:52'),
	(73, 1335, 'Waterford Estate Kevin Arnold Shiraz 2006', '100% Shiraz ', 21.50, 0.75, 2, 38, '', '2016-12-05 10:47:59', '2016-12-05 10:48:52'),
	(74, 1336, 'Mitolo Serpico Cabernet Sauvignon 2003', '100% Cabernet Sauvignon ', 43.00, 0.75, 2, 35, '', '2016-12-05 10:47:59', '2016-12-05 10:48:52'),
	(75, 1337, 'Fattoria Le Corti, Don Tommaso 2005', 'Chianti Classico DOCG', 21.00, 0.75, 2, 11, '', '2016-12-05 10:47:59', '2016-12-05 10:48:52'),
	(76, 1343, 'Glaetzer Shiraz 2004', '100% Shiraz', 44.50, 0.75, 2, 39, '', '2016-12-05 10:47:59', '2016-12-05 10:48:52'),
	(77, 1346, 'Glaetzer Wallace Shiraz Grenache 2006', 'Shiraz 70%, Grenache 30% 89-91 Parker-Punkte', 15.90, 0.75, 2, 39, '', '2016-12-05 10:47:59', '2016-12-05 10:48:52'),
	(78, 1347, 'Mas d\'Auzières Les éclats 2005', 'Coteaux Laguedoc AOC Syrah 70%. Grenache 20%, Mourvèdre 10% ', 11.50, 0.75, 2, 40, '', '2016-12-05 10:47:59', '2016-12-05 10:48:52'),
	(79, 1348, 'Feudo Arancio Cabernet Sauvignon 2007', '100 % Cabernet Sauvignon ', 5.90, 0.75, 2, 41, '', '2016-12-05 10:47:59', '2016-12-05 10:48:52'),
	(80, 1349, 'La Luna e i Falo 2007', 'Barbera d`Asti ', 10.50, 0.75, 2, 42, '', '2016-12-05 10:47:59', '2016-12-05 10:48:52'),
	(81, 1350, 'Dowie Doole Hooley Dooley 2005', '', 10.50, 0.75, 2, 43, 'Reife Pflaume, Kische, Anklänge an Laub, Gewürz und rauchiger Eiche finden sich im Bouquet. Am Gaumen vermengen sich in dem vollmundigen Wein Pflaumen, Blaubeeren und Schokolade in einer pikanten Wendung mit etwas Anis und Zeder. Der Wein passt ausgezeichnet zur winterlichen Küche mit Kasserollen und Bratengerichten.', '2016-12-05 10:47:59', '2016-12-05 10:48:52'),
	(82, 1353, 'Sant`Antonio Valpolicella sup. DOC 2005', 'Monti Garbi, ripasso ', 9.90, 0.75, 2, 31, '', '2016-12-05 10:47:59', '2016-12-05 10:48:52'),
	(83, 1354, 'Planeta Burdese 2004', 'Cabernet Sauvignon', 21.90, 0.75, 2, 44, '', '2016-12-05 10:47:59', '2016-12-05 10:48:52'),
	(84, 1355, 'Planeta La Segreta Bianco 2008', '50% Grecanico, 30% Chardonnay, 10% Viognier, 10% Fiano', 7.30, 0.75, 3, 44, '', '2016-12-05 10:47:59', '2016-12-05 10:48:52'),
	(85, 1359, 'Cusumano Merlot IGT 2007', '', 6.50, 0.75, 2, 20, '', '2016-12-05 10:47:59', '2016-12-05 10:48:52'),
	(86, 1360, 'Bruno Rocca Rabaja 2003', 'Barbaresco Cru DOCG 100% Nebbiolo, Barrique', 56.00, 0.75, 2, 45, 'Farbe: Schwärzliches Rubin\nRebsorte: Nebbiolo\nCharakteristik: Konzentriert, viel Stoff, fleischig, intensive Aromen von Waldbeeren und Gewürzen, klassische Eleganz\nGastronomische Empfehlungen\nkräftige Gerichte von Schwein und Rind, Braten in dunklen Soßen, gegrilltes Fleisch, Lamm und Wild, kräftige Käsesorten. Pasta mit Trüffeln', '2016-12-05 10:47:59', '2016-12-05 10:48:52'),
	(87, 1361, 'Cusumano Sàgana IGT 2005', 'Nero D`Avola ', 19.70, 0.75, 2, 20, '', '2016-12-05 10:47:59', '2016-12-05 10:48:52'),
	(88, 1362, 'Cusumano Noà IGT 2005', 'Nero D`Avola, Merlot, Cabernet Sauvignon ', 19.70, 0.75, 2, 20, '', '2016-12-05 10:47:59', '2016-12-05 10:48:52'),
	(89, 1366, 'Planeta Alastro 2008', '70% Grecanico, 30% Chardonnay Barrique ', 10.50, 0.75, 3, 44, '', '2016-12-05 10:47:59', '2016-12-05 10:48:52'),
	(90, 1368, 'Costa di Bussia Barbera D\'Alba 2008', '100% Barbera', 8.50, 0.75, 2, 29, 'Farbe: mittleres Granatrot\nRebsorte: Barbera\nCharakteristik: Saftig, feine Aromen von Sauerkirschen, sehr klare Gestalt, ein Klassiker\nGastronomische Empfehlungen\nkräftige Gerichte von Schwein und Rind, Braten in dunklen Soßen, gegrilltes Fleisch, kräftige Käsesorten,', '2016-12-05 10:47:59', '2016-12-05 10:48:52'),
	(91, 1369, 'Alabanza Reserva DOC 2001', 'Tempranillo, Mazuelo, Garnacha Im Barrique', 15.90, 0.75, 2, 26, '', '2016-12-05 10:47:59', '2016-12-05 10:48:52'),
	(92, 1373, 'Kaapzicht Merlot 2002', 'Merlot 17 Mon. Barrique', 11.90, 0.75, 2, 7, '', '2016-12-05 10:47:59', '2016-12-05 10:48:52'),
	(93, 1377, 'Fattoria Le Corti, Le Corti 2005', 'Chianti Classico DOCG', 10.90, 0.75, 2, 11, '', '2016-12-05 10:47:59', '2016-12-05 10:48:52'),
	(94, 1378, 'Terre Avare Rosato Salento 2007', 'Negroamaro', 5.50, 0.75, 5, 46, '', '2016-12-05 10:47:59', '2016-12-05 10:48:52'),
	(95, 1381, 'La Spinetta Starderi Vursu DOCG 2003', 'Barbaresco Cru, Nebbiolo 3 Gläser Gambero Rosso 94 Parker Punkte ', 85.00, 0.75, 2, 18, '', '2016-12-05 10:47:59', '2016-12-05 10:48:52'),
	(96, 1384, 'Poliziano Vino Nobile di Montepulciano DOC 2006', '85% Prugnolo Gentile, 15% Colorino, Canaiolo and Merlot ', 16.20, 0.75, 2, 22, '', '2016-12-05 10:47:59', '2016-12-05 10:48:52'),
	(97, 1386, 'Enate Cabernet Sauvignon, Merlot 2006', '', 9.00, 0.75, 2, 12, '', '2016-12-05 10:47:59', '2016-12-05 10:48:52'),
	(98, 1387, 'Alabanza DOC Selección 2002', 'Tempranillo, Mazuelo, Graciano', 25.00, 0.75, 2, 26, '', '2016-12-05 10:47:59', '2016-12-05 10:48:52'),
	(99, 1388, 'Enate Chardonnay 234 DO 2007', '', 10.90, 0.75, 3, 12, 'Farbe: intensives Goldgelb\nCharakteristik: Intensiv, stoffig, etwas grüner Apfel, etwas reifer Pfirsich und Passionsfrucht, mineralische Töne, interessante Persönlichkeit\nLagerfähigkeit: 2 - 5 Jahre Gesamtsäure: 6 g/l\nAlkoholgehalt: 13 %vol.\nRestzucker: 4 g/l\n\nGastronomische Empfehlungen\nVorspeisen wie  Antipasti Misti  oder  Tapas , Fisch und Schalentiere, Geflügel und helles Fleisch, zarte Gerichte von Schwein und Rind, gekochtes Fleisch, Pfannengerichte, Fleisch in hellen Soßen, milde Käsesorten.', '2016-12-05 10:47:59', '2016-12-05 10:48:52'),
	(100, 1389, 'Enate Varietales del dos mil dos DO 2002', 'Tempranillo, Cabernet Sauvignon, Merlot Barrique ', 36.00, 0.75, 2, 12, 'Farbe: Schwärzlicher Brombeerton\nCharakteristik: Intensive Aromen von roten Früchten, schwarzer Kirsche sowie Sauerkirsch, leicht pfeffrig mit zartem Paprika und Oreganoton.\nLagerfähigkeit: 6 - 8 Jahre Gesamtsäure: 4,9 g/l\nAlkoholgehalt: 14 %vol.\nRestzucker: 2 g/l\nGastronomische Empfehlungen\nKräftige Gerichte von Schwein und Rind, Braten in dunklen Soßen, gegrilltes Fleisch, Lamm und Wild, kräftige Käsesorten', '2016-12-05 10:47:59', '2016-12-05 10:48:52'),
	(101, 1390, 'Enate José Beulas DO Reserva Especial 2001', 'Cabernet Sauvignon, Merlot ', 90.00, 0.75, 2, 12, 'Farbe: dunkles Violettrot\nCharakteristik: sehr dichte und komplexe Art, Aromen von Pflaumen, Schokolade und Zimt, viel Kraft, aber jetzt schon zugänglich, ausgewogen und elegant\nLagerfähigkeit: 5 - 10 Jahre Gesamtsäure: 5 g/l\nAlkoholgehalt: 14 %vol. Restzucker: 2 g/l', '2016-12-05 10:47:59', '2016-12-05 10:48:52'),
	(102, 1392, 'Enate Cabernet Sauvignon Magnum Holzkiste Reserva 2002', 'Cabernet Sauvignon', 43.90, 1.5, 2, 12, 'Farbe: dunkles Rubinrot\nCharakteristik: Viel Stoff, große Dichte, komplexe Aromen von Waldbeeren, Minze, süßer Paprika, zartbitterer Schokolade und Lorbeer, edel\nLagerfähigkeit: 8 - 12 Jahre Gesamtsäure: 5,3 g/l\nAlkoholgehalt: 14 %vol.\nRestzucker: 2 g/l\nGastronomische Empfehlungen\nkräftige Gerichte von Schwein und Rind (Braten in dunklen Soßen, gegrilltes Fleisch), Lamm und Wildgerichte, kräftige Käsesorten', '2016-12-05 10:47:59', '2016-12-05 10:48:52'),
	(103, 1394, 'Simply Sunshine rosé 2009', '', 5.50, 0.75, 5, 47, '', '2016-12-05 10:47:59', '2016-12-05 10:48:52'),
	(104, 1395, 'Farnese Edizione Cinque Autoctoni 2006', 'Montepulciano, Primitivo, Sangiovese, Negroamaro und Rote Malvasia', 19.70, 0.75, 2, 48, 'Der Cinque Autoctoni ist ein ungefilterter Wein aus 5 typisch süditalienischen Rebsorten: Montepulciano, Primitivo, Sangiovese, Negroamaro und Rote Malvasia.\nDieser Wein Verkörpert einen völlig neue Generation von süditalienischen Weinen. Sehr Opulent, aber ganz anders als im Bordeaux, Spanien oder Norditalien, spielen Holznoten quasi keine Rolle. Die Tannine sind moderat und sehr fein geschliffen. Hier ist fette, fleischige Frucht angesagt, fast so als würde man durch einen Obstgarten gehen und nur die schönsten und aromatischsten Früchte pflücken. Ein intensiver aber betörend weicher Wein sowohl in der Nase als auch am Gaumen. Insofern ist die Assoziation mit einem guten Portwein sicher nicht abwegig. Dieser neue Stil findet nicht überall Freunde hat jedoch schon viele meiner Kunden extrem begeistert. Eine ähnliche Machart findet sich auch beim Primitivo Sessantanni von Feudi di San Marzano aus Apulien wieder.', '2016-12-05 10:47:59', '2016-12-05 10:48:52'),
	(105, 1396, 'Leporati Barbera del Monferrato DOC 2004', 'Vigna Granda 100% Barbera Barrique', 7.20, 0.75, 2, 49, '', '2016-12-05 10:47:59', '2016-12-05 10:48:52'),
	(106, 1397, 'Leporati Olivera DOC 2005', 'Pinot Nera, Barbera Barrique', 7.20, 0.75, 2, 49, '', '2016-12-05 10:47:59', '2016-12-05 10:48:52'),
	(107, 1398, 'Leporati Barbera D`Asti DOC 2004', 'La Bellingera Barbera Barrique', 8.20, 0.75, 2, 49, '', '2016-12-05 10:47:59', '2016-12-05 10:48:52'),
	(108, 1402, 'La Spinetta Barbera D´Asti Ca di Pian´ DOC 2005', '100 % Barbera 2 Gläser Gambero Rosso', 19.90, 0.75, 2, 18, '', '2016-12-05 10:47:59', '2016-12-05 10:48:52'),
	(109, 1404, 'La Spinetta Vursu Campé DOCG 2001', 'Barolo, Nebbiolo 3 Gläser Gambero Rosso 3 Sterne Veronelli 4 Sterne Duemilavini', 93.00, 0.75, 2, 18, '', '2016-12-05 10:47:59', '2016-12-05 10:48:52'),
	(110, 1405, 'La Spinetta Gallina Vursu DOCG 2003', 'Barbaresco Cru, Nebbiolo 2 Gläser Gambero Rosso', 85.00, 0.75, 2, 18, '', '2016-12-05 10:47:59', '2016-12-05 10:48:52'),
	(111, 1406, 'Dezzani Moscato D`Asti Morelli DOCG 2008', 'Mascato lieblich, Dessertwein', 8.50, 0.75, 3, 50, 'Farbe: leuchtende weiß-gelbe Reflexe\nRebsorte: Moscato\nCharakteristik: leicht, zarte Würze, betörende Süße, wunderbar erfrischend, elegant\n\nGastronomische Empfehlungen\nzu leichten Vorspeisen wie Salaten mit sommerlichen Früchten, Süßgebäck, pikante Käsesorten', '2016-12-05 10:47:59', '2016-12-05 10:48:52'),
	(112, 1407, 'Dezzani Barolo DOCG 2004', '100% Nebbiolo', 21.90, 0.75, 2, 50, 'Farbe: brilliantes Rubinrot\nRebsorte: Nebbiolo\nCharakteristik: voll und harmonisch, ätherische Anklänge von wilden Veilchen, Pfeffer, Gewürzen, Goudron\nGastronomische Empfehlungen\nTagliatelle mit Steinpilzen, Risotto mit Trüffeln, Schmorgerichte mit dunklen Fleischsorten, kräftiger Käse', '2016-12-05 10:47:59', '2016-12-05 10:48:52'),
	(113, 1408, 'Meriggio 2004', '100% Nebbiolo Langhe ', 11.90, 0.75, 2, 51, '', '2016-12-05 10:47:59', '2016-12-05 10:48:52'),
	(114, 1411, 'Planeta La Segreta Rosso 2007', '50% Nero D`Avola, 25% Merlot, 20% Syrah, 5% Cabernet Franc', 7.30, 0.75, 2, 44, '', '2016-12-05 10:47:59', '2016-12-05 10:48:52'),
	(115, 1436, 'Feudi di San Marzano Rosso Salento 2005', '', 4.90, 0.75, 2, 52, '', '2016-12-05 10:47:59', '2016-12-05 10:48:52'),
	(116, 1437, 'Cusumano Nero D`Avola IGT 2007', '', 5.90, 0.75, 2, 20, '', '2016-12-05 10:47:59', '2016-12-05 10:48:52'),
	(117, 1443, 'Trigaio Benventano Rosso IGT 2005', '', 6.50, 0.75, 2, 53, '', '2016-12-05 10:47:59', '2016-12-05 10:48:52'),
	(118, 1445, 'Piano Di Montevergine Taurasi Riserva DOCG 1999', '100% Aglianico di Taurasi 95 Parker Punkte', 36.00, 0.75, 2, 53, '', '2016-12-05 10:47:59', '2016-12-05 10:48:52'),
	(119, 1446, 'Sirica Rosso IGT 2000', 'Aus 250 Jahre alten Rebstöcken ', 41.00, 0.75, 2, 53, '', '2016-12-05 10:47:59', '2016-12-05 10:48:52'),
	(120, 1448, 'Lamborghini Campoleone 2003', '', 33.90, 0.75, 2, 54, '', '2016-12-05 10:47:59', '2016-12-05 10:48:52'),
	(121, 1449, 'Capaia Blue Grove Hill Sauvignon Blanc 2008', '100 % Sauvignon Blanc ', 11.60, 0.75, 3, 55, '', '2016-12-05 10:47:59', '2016-12-05 10:48:52'),
	(122, 1450, 'Mesa Buio Rosso 2005', '100 % Carignano nur noch 3 Flaschen', 12.90, 0.75, 2, 56, '', '2016-12-05 10:47:59', '2016-12-05 10:48:52'),
	(123, 1452, 'Masi Amarone Classico DOC Costasera 2006', '', 33.90, 0.75, 2, 37, '', '2016-12-05 10:47:59', '2016-12-05 10:48:52'),
	(124, 1453, 'Nava Real Verdejo 2006', '', 6.90, 0.75, 3, 57, '', '2016-12-05 10:47:59', '2016-12-05 10:48:52'),
	(125, 1457, 'Settesoli Furetta 2006', '', 10.90, 0.75, 3, 34, '', '2016-12-05 10:47:59', '2016-12-05 10:48:52'),
	(126, 1458, 'Settesoli Cabernet Sauvignon IGT 2005', '', 6.50, 0.75, 2, 34, '', '2016-12-05 10:47:59', '2016-12-05 10:48:52'),
	(127, 1459, 'Settesoli Merlot 2005', '', 6.50, 0.75, 2, 34, '', '2016-12-05 10:47:59', '2016-12-05 10:48:52'),
	(128, 1460, 'Settesoli Nero d´Avola 2005', '', 6.50, 0.75, 2, 34, '', '2016-12-05 10:47:59', '2016-12-05 10:48:52'),
	(129, 1461, 'Settesoli Carthago 2006', '100% Nero d´Avola ', 11.90, 0.75, 2, 34, '', '2016-12-05 10:47:59', '2016-12-05 10:48:52'),
	(130, 1462, 'Bodegas Orvalaiz Tinto Crianza 2003', '40% Tempranillo, 30% Cabernet-Sauvignon 30% Merlot 15 Monate wurde der Wein in Barriques aus amerikanischer Eiche ausgebaut ', 7.70, 0.75, 2, 58, 'Rebsorte: 40% Tempranillo, 30% Cabernet-Sauvignon, 30% Merlot\nWeinausbau: 15 Monate in Barriques aus amerikanischer Eiche ausgebaut\nDegustationsnotiz: Dunkles Granatrot, violett gesäumt. Dichtes fruchtiges Bukett (dunkle Waldbeeren) mit balsamischen Anklängen und subtile Gewürznoten. Vollmundig mit konzentrierter Frucht (Holunder, Heidelbeeren) und fein verwobenen Komponenten der Barriques (Zartbitter-Schokolade, Toast, Toffee). Im Finish auf dem Gaumen schmelzend und lange nachklingend.\nTrinkreife: bis 2010\nSpeisenempfehlungen:\nEin guter Begleiter zu Geflügel, Schmorgerichten, Steaks, aber auch zu Pasta.', '2016-12-05 10:47:59', '2016-12-05 10:48:52'),
	(131, 1465, 'Bodegas Orvalaiz Garnacha 2005', '100% Garnacha 5 Monate Barrique Semi Crianza ', 6.30, 0.75, 2, 58, 'Rebsorte: 100% Garnacha\nWeinausbau: 5 Monate Barrique\nDegustationsnotiz: Jugendliches Granatrot/Violett. Bereits in der Nase kommt die für die Garnacha (Grenache) typische Kirschfrucht intensiv zum Ausdruck. Diese Frucht wird auf dem Gaumen durch dezente Barrique-Noten (Toast, Röstkaffee) abgerundet. Im Abgang Aromen von Schattenmorellen, die harmonisch ausklingen.\nTrinkreife: bis 2009\nSpeisenempfehlungen:\nGut zu Grilladen von Rind und Schwein. ', '2016-12-05 10:47:59', '2016-12-05 10:48:52'),
	(132, 1466, 'D`Arenberg The Laughing Magpie 2007', 'Shiraz, Viognier', 16.90, 0.75, 2, 8, '', '2016-12-05 10:47:59', '2016-12-05 10:48:52'),
	(133, 1470, 'Castillo Perelada Tinto Reserva 2004', '', 12.90, 0.75, 2, 4, '', '2016-12-05 10:47:59', '2016-12-05 10:48:52'),
	(134, 1471, 'Enrico Pira Barolo Cru Cannubi DOCG 2003', '', 46.00, 0.75, 2, 59, 'Farbe: Intensiver Brombeerton\nRebsorte: Nebbiolo\nCharakteristik: Kraftvoll, hohe Konzentration, Reichtum, Aromen von Brombeeren, Schokolade, Zimt, viel Stoff, große Art\nGastronomische Empfehlungen:\nKräftige Gerichte von Schwein und Rind, Braten in dunklen Soßen, gegrilltes Fleisch, Lamm und Wild, kräftige Käsesorten', '2016-12-05 10:47:59', '2016-12-05 10:48:52'),
	(135, 1474, 'Costa di Bussia Campo dei Buoi 2005', 'Barolo DOCG 100% Nebbiolo', 28.90, 0.75, 2, 29, 'Farbe: Mittlerer Granatton\nRebsorte: Nebbiolo\nCharakteristik: Stoffig, Goudron, gute Struktur, Aromen von Kirsche, welken Rosen, Menthol, rauchig, geschmeidig, langer Abgang\nGastronomische Empfehlungen\nKräftige Gerichte von Schwein und Rind, Braten in dunklen Soßen, gegrilltes Fleisch, Lamm und Wild, kräftige Käsesorten', '2016-12-05 10:47:59', '2016-12-05 10:48:52'),
	(136, 1476, 'Terre da Vino Croere 2003', 'Babera D´Alba', 12.50, 0.75, 2, 60, '', '2016-12-05 10:47:59', '2016-12-05 10:48:52'),
	(137, 1479, 'Mitolo G.A.M. Shiraz 2005', '100% Shiraz 95 Parker Punkte MUNDUSvini Gold', 40.00, 0.75, 2, 35, '', '2016-12-05 10:47:59', '2016-12-05 10:48:52'),
	(138, 1480, 'Mitolo Savitar Shiraz 2005', '100% Shiraz 96 Parker Punkte MUNDUSvini Gold', 43.00, 0.75, 2, 35, '', '2016-12-05 10:47:59', '2016-12-05 10:48:52'),
	(139, 1481, 'Mitolo Serpico Cabernet Sauvignon 2005', '100% Cabernet Sauvignon ', 43.00, 0.75, 2, 35, '', '2016-12-05 10:47:59', '2016-12-05 10:48:52'),
	(140, 1482, 'Godolphin by Ben Glaetzer 2005', 'Shiraz 84%, Cabernet Sauvignon 16% ', 39.00, 0.75, 2, 39, '', '2016-12-05 10:47:59', '2016-12-05 10:48:52'),
	(141, 1484, 'The Hattrick 2004', 'Cabernet Sauvignon, Shiraz, Grenache Mundus Vini Gold', 39.00, 0.75, 2, 61, '', '2016-12-05 10:47:59', '2016-12-05 10:48:52'),
	(142, 1485, 'Dowie Doole Shiraz Reserve 2004', 'grandioser Wein !!! 98 Vintage Direct Punkte ', 39.00, 0.75, 2, 43, '', '2016-12-05 10:47:59', '2016-12-05 10:48:52'),
	(143, 1487, 'Cockatoo Ridge Cabernet Sauvignon-Merlot 2006', '', 7.60, 0.75, 2, 62, 'Die Beerenaromen des Cabernet Sauvignon harmonieren vortrefflich mit dem vollen und pflaumigen Aroma des Merlot. Der hohe natürliche Tannin-Anteil der Cabernet Traube ist hier durch die Weichheit der Merlot Traube perfekt ausbalanciert. Der Wein stammt aus verschiedenen Gegenden und erlangt dadurch herrliche Ausgewogenheit, eine Tatsache, die viele australische Weine auszeichnet. Er schmeckt während der ersten 4 Jahre seines Lebens am besten', '2016-12-05 10:47:59', '2016-12-05 10:48:52'),
	(144, 1488, 'Kaapzicht Steytler Pinotage 2002', '100 % Pinotage ', 24.90, 0.75, 2, 7, '', '2016-12-05 10:47:59', '2016-12-05 10:48:52'),
	(145, 1489, 'Kaapzicht Steytler Vision 2004', '50 % Cabernet Sauvignon, 40 % Pinotage, 10 % Merlot', 24.00, 0.75, 2, 7, '', '2016-12-05 10:47:59', '2016-12-05 10:48:52'),
	(146, 1490, 'Sant`Antonio La Bandina sup. DOC 2004', '100 % Valpolicella ', 15.50, 0.75, 2, 31, '', '2016-12-05 10:47:59', '2016-12-05 10:48:52'),
	(147, 1494, 'Enate Crianza 2004', 'Tempranillo, Cabernet Sauvignon ', 11.90, 0.75, 2, 12, 'Farbe: dunkles Bordeauxrot mit bläulichen Reflexen\nCharakteristik: Guter Stoff, eleganter Vanilleton, feine Würze, zart rauchig, beerige Fülle, dicht und fleischig\nLagerfähigkeit: 4 - 7 Jahre Gesamtsäure: 5 g/l\nAlkoholgehalt: 13,5 %vol.\nRestzucker: 1,8 g/l\nGastronomische Empfehlungen\nNudelgerichte mit Tomatensoßen, kräftige Gerichte von Schwein und Rind (Braten in dunklen Soßen, gegrilltes Fleisch), Wildgerichte, Hartkäse, Edelschimmelkäse', '2016-12-05 10:47:59', '2016-12-05 10:48:52'),
	(148, 1495, 'Tignanello Toscana IGT 2005', '85% Sangiovese, 10% Cabernet Sauvignon, 5% Cabernet Franc ', 65.00, 0.75, 2, 63, 'Der Weinberg Tignanello wird besonders spät gelesen, und ausschließlich sorgfältig per Hand selektierte Trauben werden für diesen historischen Wein verwendet. Der Tignanello ist intensiv fruchtig und komplex im Bouquet, im Geschmack zeigt er eine optimale Struktur - ausgewogen mit sanften Tanninen und langem Nachhall.', '2016-12-05 10:47:59', '2016-12-05 10:48:52'),
	(149, 1497, 'Nino Negri Le Tense Sassella 2005', 'Valtellina Superiore 15 Mon. Barrique, 100% Chiavennasca (Nebbiolo) ', 11.50, 0.75, 2, 64, '', '2016-12-05 10:47:59', '2016-12-05 10:48:52'),
	(150, 1498, 'Nino Negri Sfursat 5 Stelle DOC 2003', '12 + Mon. Barrique, 100% Chiavennasca (Nebbiolo) ', 36.00, 0.75, 2, 64, '', '2016-12-05 10:47:59', '2016-12-05 10:48:52'),
	(151, 1499, 'Planeta Syrah', 'Syrah 2005', 20.50, 0.75, 2, 44, '', '2016-12-05 10:47:59', '2016-12-05 10:48:52'),
	(152, 1500, 'Perelada Torre Galateo Cava Rosado', '40% Merlot, 30% Cabernet Sauvignon, 20%Garnatxa , 10% Samsó ', 21.50, 0.75, 5, 4, '', '2016-12-05 10:47:59', '2016-12-05 10:48:52'),
	(153, 1501, 'Isole e Olena Chianti Classico 2006', 'Sangiovese, Canaiolo, Syrah ', 18.50, 0.75, 2, 13, '', '2016-12-05 10:47:59', '2016-12-05 10:48:52'),
	(154, 1503, 'Planeta Merlot 2005', 'Merlot ', 20.50, 0.75, 2, 44, '', '2016-12-05 10:47:59', '2016-12-05 10:48:52'),
	(155, 1504, 'Aimery Merlot 2005', '', 5.00, 0.75, 2, 65, '', '2016-12-05 10:47:59', '2016-12-05 10:48:52'),
	(156, 1506, 'Mas d\'Auzières Le Bois de Périé 2004', 'Coteaux du Laguedoc AOC Syrah 90%. Grenache 5%, Mourvèdre 5% 12 Monate in neuen Eichenfässern ', 16.90, 0.75, 2, 40, '', '2016-12-05 10:47:59', '2016-12-05 10:48:52'),
	(157, 1508, 'La Gaggina 2006', 'Dolcetto d \'Ovada DOC', 6.50, 0.75, 2, 66, '', '2016-12-05 10:47:59', '2016-12-05 10:48:52'),
	(158, 1510, 'Moris Farms Avvoltore 2003', '75 % Sangiovese, 20 % Cabernet Sauvignon, 5 % Syrah 2 Gläser Gambero Rosso', 28.90, 0.75, 2, 67, '', '2016-12-05 10:47:59', '2016-12-05 10:48:52'),
	(159, 1511, 'Moris Farms Morellino di Scansano Riserva 2003', 'Morellino (Sangiovese) 2 Gläser Gambero Rosso', 17.90, 0.75, 2, 67, '', '2016-12-05 10:47:59', '2016-12-05 10:48:52'),
	(160, 1512, 'Magliano Poggio Bestiale IGT 2004', 'Cabernet Sauvignon, Merlot', 23.90, 0.75, 2, 68, '', '2016-12-05 10:47:59', '2016-12-05 10:48:52'),
	(161, 1513, 'Vignalta Agno Tinto 2006', 'Syrah', 16.50, 0.75, 2, 69, 'Der Letztgeborene unter den roten Gewächsen von Vignalta.\nEin innovativer, solarer Wein, mit Anklängen an, rote und schwarze Beeren und Gewürznuancen, solides, doch elegantes Tanningerüst.\nEin neuer Bezugspunkt im Panorama der italienischen Önologie.\nEr wird aus der Hauptrebe Syrah und anderen lokalen Sorten gewonnen und wurde bei seinem Debüt mit einer wahren Ovation begrüßt.\nEin Wein für feine Braten- und Wildgerichte. ', '2016-12-05 10:47:59', '2016-12-05 10:48:52'),
	(162, 1514, 'Figaretto Le More IGT 2004', 'Merlot', 13.90, 0.75, 2, 70, '', '2016-12-05 10:47:59', '2016-12-05 10:48:52'),
	(163, 1515, 'Figaretto Brolo Del Figaretto DOC 2005', 'Amarone Della Valpolicella', 21.90, 0.75, 2, 70, '', '2016-12-05 10:47:59', '2016-12-05 10:48:52'),
	(164, 1516, 'Planeta Santa Cecilia 2005', 'Nero d `Avola ', 20.50, 0.75, 2, 44, '', '2016-12-05 10:47:59', '2016-12-05 10:48:52'),
	(165, 1517, 'de Gras Merlot Reserva 2007', '100% Merlot', 9.50, 0.75, 2, 71, 'In der Nase reife Pflaumen- und Schwarzkirscharomen, Minze und Vanille. Ein Eindruck der sich im Mund fortsetzt, bei seidiger Textur, komplex und elegant, gut eingebundene Ei-chenholznote, sehr lang\nZum Festtagsbraten ebenso wie zu feineren Fleischgerichten\nDie Trauben für den Merlot Reserva stammen von 7-8 Jahre alten Rebstöcken, die im kühlen lehmigen Boden zweier Parzellen wurzeln. 92% des Weins wurde 12 Monate in kleinen Fässern aus französischer und amerikanischer Eiche ausgebaut, ca. ¼ davon neue Fässer. Es entstand ein Wein in dem sich die typische Frucht des Merlot mit Komplexität, Struktur und gutem Alterungsvermögen verbindet.', '2016-12-05 10:47:59', '2016-12-05 10:48:52'),
	(166, 1518, 'de Gras Cabernet Sauvignon/Syrah Reserva 2006', 'Cabernet Sauvignon, Syrah', 9.50, 0.75, 2, 71, 'In der Nase eine Mischung reifer Pflaumen und Johannisbeeren gepaart mit Röst- und Vanillearomen. Im Mund reife, samtige Geschmacksnoten von roten Beeren, vollmundig, weiche Tannine, schöne Länge\nZu gebratenem Fleisch, Wild und Käse.\nNur der Cabernet-Anteil dieser Cuvée aus Cabernet Sauvignon und Syrah wurde 12 Monate in kleinen, ausschließlich neuen Fässern aus französischer und amerikanischer Eiche ausgebaut. Der Syrah hat seine Frucht während dieser Zeit in Edelstahltanks nahezu perfekt konserviert. Die Verbindung ergibt ein reizvolles Spiel beider Rebsorten mit schöner Frucht und Komplexität, und dennoch kräftiger Struktur und gutem Alterungsvermögen.', '2016-12-05 10:47:59', '2016-12-05 10:48:52'),
	(167, 1519, 'de Gras Carmenère Reserva 2007', '100% Carmenère', 9.50, 0.75, 2, 71, 'Vollmundiger, nach Brombeeren und Pflaumen duftender Carmenère, über 9 Monate in kleinen Fässern gereift, per-fekte Balance von üppiger Frucht und dezenter Eichen-würze.\nZu gegrilltem und gebratenem Fleisch, Ragouts und zu Käse.\nDie Lagerung in kleinen Fässern aus französischer und amerikanischer Eiche verleiht ihnen ihre besondere Komplexität, Struktur und ein gutes Alterungsvermögen. So verbinden sie handwerkliche Perfektion mit dem einzigartigen Charakter des Colchagua-Tals. Die MontGras Reservas zählen zu den höchstprämierten Weinen Chiles und stellen ihre außergewöhnliche Klasse regelmäßig eindrucksvoll unter Beweis.', '2016-12-05 10:47:59', '2016-12-05 10:48:52'),
	(168, 1521, 'Mouton Rothschild', 'Wir finden für Sie fast jeden Wein und jeden gewünschten Jahrgang', 0.00, 0.75, 2, 72, '', '2016-12-05 10:47:59', '2016-12-05 10:48:52'),
	(169, 1522, 'Brut Millesime 2000', 'Blanc de Blancs 100% Chardonnay Grand Cru ', 27.50, 0.75, 1, 1, '', '2016-12-05 10:47:59', '2016-12-05 10:48:52'),
	(170, 1524, 'Proyecto Cu4tro 2003', 'Garnacha aus Tarragona, Cabernet Sauvignon aus Conca de Barbera, Tempranillo aus Terra Alta und Monastrell aus Jumilla', 6.90, 0.75, 2, 73, '', '2016-12-05 10:47:59', '2016-12-05 10:48:52'),
	(171, 1528, 'San Isidro Clearly Organic rot 2008', '100 % Tempranillo', 4.90, 0.75, 2, 74, '', '2016-12-05 10:47:59', '2016-12-05 10:48:52'),
	(172, 1529, 'San Isidro Clearly Organic weiß 2008', '100 % Airén', 4.50, 0.75, 3, 74, '', '2016-12-05 10:47:59', '2016-12-05 10:48:52'),
	(173, 1530, 'Sicilia Bianco Etichetta Bianca 2007', 'Grecianico, Inzolia ', 5.70, 0.75, 3, 75, '', '2016-12-05 10:47:59', '2016-12-05 10:48:52'),
	(174, 1533, 'Sicilia Bianco Etichetta Blu 2007', 'Grecianico, Inzolia ', 6.90, 0.75, 3, 75, '', '2016-12-05 10:47:59', '2016-12-05 10:48:52'),
	(175, 1535, 'Sirica Rosso IGT 2003', 'Aus 250 Jahre alten Rebstöcken ', 41.00, 0.75, 2, 53, '', '2016-12-05 10:47:59', '2016-12-05 10:48:52'),
	(176, 1542, 'Kanonkop Pinotage 2006', '100 % Pinotage', 23.90, 0.75, 2, 76, '', '2016-12-05 10:47:59', '2016-12-05 10:48:52'),
	(177, 1543, 'Re Manfredi Bianco 2008', 'Müller-Thurgau / Gewürztraminer', 9.90, 0.75, 3, 25, 'Sicher einer der verrücktesten Weißweine Italiens. Gekeltert aus Müller-Thurgau und Gewürztraminer ist dieser Wein ein echter „Hinschmecker“ und immer ziemlich schnell ausverkauft. Feine würzige Aromen, ein bisschen Zitrusfrucht und Aprikose köstlich in der Nase und am Gaumen', '2016-12-05 10:47:59', '2016-12-05 10:48:52'),
	(178, 1545, 'La Cappuccina Rosso Merlot 2005', '100% Merlot', 5.90, 0.75, 2, 77, '', '2016-12-05 10:47:59', '2016-12-05 10:48:52'),
	(179, 1546, 'La Cappuccina Bianco Garganega 2008', '100% Garganega', 5.70, 0.75, 3, 77, '', '2016-12-05 10:47:59', '2016-12-05 10:48:52'),
	(180, 1547, 'La Cappuccina Soave 2008', '', 6.90, 0.75, 3, 77, '', '2016-12-05 10:47:59', '2016-12-05 10:48:52'),
	(181, 1548, 'La Cappuccina Sauvignon Blanc 2008', '100% Sauvignon Blanc', 9.50, 0.75, 3, 77, '', '2016-12-05 10:47:59', '2016-12-05 10:48:52'),
	(182, 1549, 'Feudi di San Marzano Primitivo 2008', '', 5.90, 0.75, 2, 52, '', '2016-12-05 10:47:59', '2016-12-05 10:48:52'),
	(183, 1550, 'Feudi di San Marzano bianco Salento 2006', '', 5.00, 0.75, 3, 52, '', '2016-12-05 10:47:59', '2016-12-05 10:48:52'),
	(184, 1551, 'Feudi di San Marzano Salice Salentino 2006', 'Sangiovese', 5.90, 0.75, 2, 52, '', '2016-12-05 10:47:59', '2016-12-05 10:48:52'),
	(185, 1552, 'El Vinculo 2004', '100 Tempranillo, 18 Mon Barriques', 14.50, 0.75, 2, 36, '', '2016-12-05 10:47:59', '2016-12-05 10:48:52'),
	(186, 1555, 'Condado de Haza Crianza 2005', '100% Tempranillo, 18 Mon. Barrique ', 14.90, 0.75, 2, 78, '', '2016-12-05 10:47:59', '2016-12-05 10:48:52'),
	(187, 1556, 'Condado de Haza Crianza 2005', 'Alejandro Fernàndez´s zweites Weingut finden Sie unter Finca Y Vinedos Condado de Haza', 14.90, 0.75, 2, 79, '', '2016-12-05 10:47:59', '2016-12-05 10:48:52'),
	(188, 1557, 'Croissant No 8 2003', 'Sangiovese, Cabernet Sauvignon, Merlot ', 9.50, 0.75, 2, 80, '', '2016-12-05 10:47:59', '2016-12-05 10:48:52'),
	(189, 1558, 'Croissant No 12 1999', 'Sangiovese', 9.50, 0.75, 2, 80, '', '2016-12-05 10:47:59', '2016-12-05 10:48:52'),
	(190, 1559, 'Croissant No 13 1999', 'Pinot Nero', 18.50, 0.75, 2, 80, '', '2016-12-05 10:47:59', '2016-12-05 10:48:52'),
	(191, 1562, 'Parra Jimenez Gaciano 2004', '100 % Graciano', 5.90, 0.75, 2, 81, '', '2016-12-05 10:47:59', '2016-12-05 10:48:52'),
	(192, 1564, 'Pinol Portal 2005', 'Cabernet Sauvignon, Tempranillo, Merlot, Syrah, Granacha Barrique ', 12.50, 0.75, 2, 82, 'Farbe: Violett-Rot\nRebsorte: Cabernet, Tempranillo, Merlot, Syrah, Garnacha\nCharakteristik: Konzentriert, fleischig, spannendes Spektrum von reifen Früchten, balsamische Noten, etwas Rosmarin und Gewürze, karftvoll, reich\nDie Analyse\nLagerfähigkeit: 4 - 8 Jahre Gesamtsäure: 5 g/l\nAlkoholgehalt: 13,5 %vol. Restzucker: 2 g/l\nGastronomische Empfehlungen\nKraftvolle Eintöpfe von Rind oder Lamm, geschmorte Kalbsbäckchen, Hartkäse', '2016-12-05 10:47:59', '2016-12-05 10:48:52'),
	(193, 1565, 'Pinol Raig De Raim 2005', 'Cabernet,Sauvignon,Syrah,Granacha R. Parker / The Wine Advocate 89 Punkte Weinwirtschaft: 1 Stern in der Kategorie Internationale Rotwein-Cuvées', 7.50, 0.75, 2, 82, 'Farbe: sehr dunkles, seidiges Rot\nRebsorte: Garnacha, Cabernet Sauvignon, Syrah\nCharakteristik: kraftvoll, feine Fruchtaromen, etwas Kirsche, etwas wilde Veilchen, großes Trinkvergnügen\nDie Analyse\nLagerfähigkeit: 3 - 5 Jahre\nGesamtsäure: 5,4 g/l\nAlkoholgehalt: 13,5 %vol.\nRestzucker: 2 g/l\nGastronomische Empfehlungen\nWild wie Hirsch, Reh oder Ente mit leicht süßslichen Soßen. Schmorbraten in Rotwein. Pasta mit getrocknenten Tomaten.', '2016-12-05 10:47:59', '2016-12-05 10:48:52'),
	(194, 1566, 'Terre da Vino Barolo Essenze 2004', 'Das Beste aus vier Lagen 24 Monate im Fass ', 21.90, 0.75, 2, 83, '', '2016-12-05 10:47:59', '2016-12-05 10:48:52'),
	(195, 1571, 'Glaetzer Bishop Shiraz 2006', '100% Shiraz ', 26.00, 0.75, 2, 39, '', '2016-12-05 10:47:59', '2016-12-05 10:48:52'),
	(196, 1572, 'Sicilia Rosso Etichetta Blu 2006', 'Nero D`Avola', 7.90, 0.75, 2, 75, '', '2016-12-05 10:47:59', '2016-12-05 10:48:52'),
	(197, 1573, 'Vetus 2005', '100 % Tinta de Toro (Tempranillo)', 11.50, 0.75, 2, 84, '', '2016-12-05 10:47:59', '2016-12-05 10:48:52'),
	(198, 1575, 'Rotllan Torra Amadis 2001', '25 % Garnacha Vieja 25 % Cabernet Sauvignon 25 % Carinena Vieja 15 % Syrah 10 % Merlot ', 33.00, 0.75, 2, 85, 'Farbe: Kirschrot\nRebsorte: Monastrell, Syrah, Tempranillo, Merlot\nCharakteristik: fleischig, Aromen von reifen Beeren, kräftige Art, unkompliziert\nAnalyse\nLagerfähigkeit: 2 - 5 Jahre\nAlkoholgehalt: 14 %vol.\nGastronomische Empfehlungen\nunkomplizierte Gerichte mit Huhn, Kalb oder Rind, Gegrillte Steaks, Pasta', '2016-12-05 10:47:59', '2016-12-05 10:48:52'),
	(199, 1576, 'Bodega Can Bonastre Erumir Blanco 2007', '40 % Sauvignon Blanc 40 %Macabeo 20 % Riesling', 6.20, 0.75, 3, 86, '', '2016-12-05 10:47:59', '2016-12-05 10:48:52'),
	(200, 1578, 'Rusden Chookshed Zinfandel 2005', '100 % Zinfandel nur 120 Flaschen für Deutschland !!! 100 % Handarbeit, traumhafter Tropfen ', 69.00, 0.75, 2, 87, 'Die Prowein in Düsseldorf ist die größte Weinmesse der Welt und somit ein Muß für jeden Weinhändler und eine gute Möglichkeit die Topqualitäteten der internationalen Weinszene zu testen. So wandert man also von einem Spitzenwein zum nächsten, ist begeistert, aber wartet auf den Extrakick, den Wein der einfach anders ist.\nFür mich war dies in 2007 der Choockshed.\nEine absolute Fruchtgranate mit satten 16.5 % Alkohol. Betörend wie ein Port und auch so zu genießen. In kleinen Schlucken den Mundraum befeuchten und sich von von Beeren- Kirsch- Vanille- Mandel- und sonstigen Aromen betören lassen.\nNoch ein letztes Wort zum Preis: Dieser Wein ist pure Handarbeit und die Produktion beschränkt sich auf wenige hundert Kisten. Ein Weingut wie Rusden ruft diese Preise nicht auf um Reich zu werden sondern um zu leben. Die Weine sind hundertmal rarer als ein Mouton oder Grange. Für mich allemal sympathischer als einer dieser Kultweine.', '2016-12-05 10:47:59', '2016-12-05 10:48:52'),
	(201, 1579, 'Grosset Gaia 2003', '75 % Cabernet Sauvignon 15 % Cabernet Franc 10 % Merlot ', 34.00, 0.75, 2, 88, '', '2016-12-05 10:47:59', '2016-12-05 10:48:52'),
	(202, 1581, 'Encierra Vineyard Reserve 2005', '60 % Cabernet Sauvignon 30 % Syrah 5 % Merlot 3 % Carménère 2 % Petit Verdot 12 Monate amerikanische Eiche ', 16.90, 0.75, 2, 89, '', '2016-12-05 10:47:59', '2016-12-05 10:48:52'),
	(203, 1583, 'San Juan Blasón de Romera Tinto 2004', '100 % Tinta del Pais (Tempranillo)', 6.90, 0.75, 2, 90, '', '2016-12-05 10:47:59', '2016-12-05 10:48:52'),
	(204, 1585, 'San Juan Blasón de Romera Reserva 2001', '100 % Tinta del Pais (Tempranillo) Barrique', 21.00, 0.75, 2, 90, 'Farbe: kompaktes, kräftiges Rot\nCharakteristik: komplex, intensiv, Aromen von Waldbeeren, Schokolade, Zedernholz, sehr elegant, reich und lang\nLagerfähigkeit: 5 - 10 Jahre Gesamtsäure: 5,6 g/l\nAlkoholgehalt: 13,8 %vol.\nRestzucker: 1,6 g/l\nGastronomische Empfehlungen\ntraditionelle Eintöpfe mit Lamm und Rind. Milchlamm aus dem Ofen. Rinderbraten in Rotwein. Krätige Käsesorten wie gereifter Manchego oder alter Gauda.', '2016-12-05 10:47:59', '2016-12-05 10:48:52'),
	(205, 1586, 'Masi Soave Levarie 2008', '', 7.90, 0.75, 3, 37, 'Bezeichnend für die Weine aus der Lage Levarìe, gelegen im Soave Classico Gebiet, ist ihr sanfter und eleganter Charakter. So präsentiert sich diese Cuvée aus 85% Garganega und 15% Trebbiano di Soave mit einem feinen, delikaten Bouquet, welches Anklänge von Bittermandel erkennen lässt.', '2016-12-05 10:47:59', '2016-12-05 10:48:52'),
	(206, 1587, 'Masi Soave Colbaraca 2007', '', 10.20, 0.75, 3, 37, 'Der Colbarara setzt ein Exempel für den modernen Soave schlechthin, mit seinen fruchtig-frischen Noten, gepaart mit floralen Düften sowie dem typischen Mandelaroma im Abgang. Genießen Sie diesen runden und weichen Wein zu Vorspeisen, Seafood oder grünem Spargel.', '2016-12-05 10:47:59', '2016-12-05 10:48:52'),
	(207, 1588, 'Masi Masianco 2007', 'Pinot Grigio, Verduzzo delle Venezie', 10.50, 0.75, 3, 37, '', '2016-12-05 10:47:59', '2016-12-05 10:48:52'),
	(208, 1589, 'Senorio de Barahonda Carro 2007', 'Monastrell, Syrah, Tempranillo ', 6.90, 0.75, 2, 91, 'Farbe: Kirschrot\nRebsorte: Monastrell, Syrah, Tempranillo\nCharakteristik: fleischig, Aromen von reifen Beeren, kräftige Art, unkompliziert\nGastronomische Empfehlungen\nunkomplizierte Gerichte mit Huhn, Kalb oder Rind, Gegrillte Steaks, Pasta', '2016-12-05 10:47:59', '2016-12-05 10:48:52'),
	(209, 1590, 'Moncaro Geodèta Rosso 2005', '60 % Montepulciano, 40 % Sangiovese 6 Monate in französischer Eiche ', 6.50, 0.75, 2, 92, '', '2016-12-05 10:47:59', '2016-12-05 10:48:52'),
	(210, 1591, 'Figaretto Altarol 2005', 'Valpolicella', 6.90, 0.75, 2, 70, '', '2016-12-05 10:47:59', '2016-12-05 10:48:52'),
	(211, 1592, 'Figaretto Acini Ameni 2006', 'Valpolicella Superiore Ripasso', 10.50, 0.75, 2, 70, '', '2016-12-05 10:47:59', '2016-12-05 10:48:52'),
	(212, 1622, 'Tiefenbrunner Chardonnay Linticlarus 2007', '100 % Chardonnay ', 19.50, 0.75, 3, 93, 'Weinbeschreibung:\nDunkelrubinrot in der Farbe und mit einem zarten Aroma nach Waldfrüchten präsentiert sich dieser typische Südtiroler Wein. Feinkörnige, reife Tannine begleiten sein schönes Säurespiel und geben diesem Wein Eleganz und Persistenz. Lang im Abgang.\nSpeisenempfehlung:\nAusgezeichnet zu gebratenem oder gegrilltem Rindfleisch, Lamm und Wild sowie zu Käse.\nRebsorten: 100% Lagrein (Kurz u. Langstiel)\nAnbaugebiet: Nach Süden und Südosten ausgerichtete Hanglagen in Entiklar (250-330 m ü.d.M.) und Weinlagen am Schuttkegel von Entiklar (230 m ü.d.M.)\nBoden: Kalkschotterböden aus Moränenablagerungen\nErziehungsform: offene Pergel und Drahtrahmen, 6.000-7.000 Pflanzen / Hektar\nErtrag: 45-50 hl / Hektar\nAlter der Reben: bis 10 Jahre\nAusbau: Gärung in speziellen Gärtanks, danach Säureabbau und Ausbau des Jungweines in Barriques für 18 Monate Holzfässern.\nGebinde: Edelstahltanks u. Barriques (franz. Eiche) 40% neues Holz der Rest ein und zweimal gebraucht\nAlkohol: 13,5% Vol.\nSäure: 5,3 g/Liter\nRestsüße: 2,8 g/Liter\nZuckerfr. Extrakt: 28,4 g/Liter', '2016-12-05 10:47:59', '2016-12-05 10:48:52'),
	(213, 1623, 'Tiefenbrunner Chardonnay Castel Turmhof 2008', '100 % Chardonnay', 11.50, 0.75, 3, 93, 'Ein Wein von leuchtend hellgelber Farbe und ausgeglichener Blume nach Apfel, Banane und Vanille. Charaktervoll, gut strukturiert und angenehm salzig auf der Zunge. Der teilweise Ausbau im kleinen Eichenholzfass hat diesem Wein viel Kraft und Eleganz verliehen.\n\nSpeisenempfehlung:\nDieser Weißwein eignet sich gut für Vorspeisen aller Art, für Fisch, für Krusten- und Schalentiere, für Geflügel sowie für Schweine- und Kalbfleisch.\nRebsorten: 100% Chardonnay\nAnbaugebiet: Hügellagen in Entiklar und Kurtatsch sowie in der Ebene bei Margreid\nBoden: Kalkschotter im Gebiet von Entiklar und sandig lehmige Anschwemmböden öin der Talsohle\nErziehungsform: Drahtrahmen und Pergel, 7.500 - 3.500 Pflanzen / Hektar\nErtrag: 60 - 70 hl / Hektar\nAlter der Reben: bis 20 Jahre\nAusbau: Gärung bei kontrollierter Temperatur von 20°C. im Stahltank und anschließende Lagerung des Weines auf feiner Hefe für 6 Monate, 10% des Weines wurden im Barrique für 5 Monate ausgebaut\nGebinde: Edelstahltanks und großes Holzfass (franz. Eiche)\nAlkohol: 13,5% Vol.\nSäure: 6,1 g / Liter\nRestsüße: 3,1 g / Liter ', '2016-12-05 10:47:59', '2016-12-05 10:48:52'),
	(214, 1628, 'Senorio de Barahonda Monastrell DO 2007', '100 % Monastrell ', 7.50, 0.75, 2, 91, 'Farbe: leuchtendes Granatrot\nRebsorte: Monastrell\nCharakteristik: saftig, vielfältig, attraktive Frucht, reifes Tannin, rund\nDie Analyse\nLagerfähigkeit: 3 - 6 Jahre Gesamtsäure: 4,8 g/l\nAlkoholgehalt: 14 %vol. Restzucker: 3,5 g/l\nGastronomische Empfehlungen\nGerichte aus Wild, Rind oder Schwein. Serrano Schinken Olivenöl, Pasta', '2016-12-05 10:47:59', '2016-12-05 10:48:52'),
	(215, 1629, 'Senorio de Barahonda Barrica DO 2007', '100 % Monastrell ', 8.50, 0.75, 2, 91, 'Farbe: konzentrierter, glänzender Rotton\nRebsorte: Monastrell, Cabernet Sauvignon\nCharakteristik: konzentriert, expressive Nase, Aromen von schwarzer Johannisbeere und von Blaubeere, kraftvoll, lang\nDie Analyse\nLagerfähigkeit: 4 - 8 Jahre Gesamtsäure: 5,3 g/l\nAlkoholgehalt: 14 %vol. Restzucker: 3,5 g/l\nGastronomische Empfehlungen\nkräftige Gerichte von Wild mit süß-würzigen Soßen, Pasta mit Rotweinbutter, Braten mit Tymian und Rosmarin', '2016-12-05 10:47:59', '2016-12-05 10:48:52'),
	(216, 1630, 'Masi Brolo di Campofiorin 2005', 'Ripasso ', 17.90, 0.75, 2, 37, '1995 war das Geburtsjahr des Brolo di Campofiorin - das Jahr, in dem Masi den 25. Jahrgang des Campofiorin Ripasso auf den Markt brachte. Mit dem Brolo di Campofiorin kreierten Masi\'s Winemaker einen innovativen Wein, der auf schöne Weise Eleganz mit Ausdruck und Konzentration verbindet. Er verwöhnt mit Aromen von reifen Früchten - Kirschen und Johannisbeeren - sowie einem wunderbar nachhaltigen Finale.', '2016-12-05 10:47:59', '2016-12-05 10:48:52'),
	(217, 1634, 'Planeta Cometa 2006', '100 % Fiano ', 21.90, 0.75, 3, 44, '', '2016-12-05 10:47:59', '2016-12-05 10:48:52'),
	(218, 1635, 'D`Arenberg The Footbolt 2005', '100 % Shiraz ', 11.50, 0.75, 2, 8, '', '2016-12-05 10:47:59', '2016-12-05 10:48:52'),
	(219, 1636, 'Pago de Los Capellanes El Picon 1998', '100 % Tempranillo in der Einzelholzkiste Ich konnte die letzten 6 Flaschen zu einem Sensationspreis einkaufen, den ich gerne weitergebe. ', 199.00, 0.75, 2, 94, '', '2016-12-05 10:47:59', '2016-12-05 10:48:52'),
	(220, 1637, 'Tiefenbrunner Gewürztraminer Castel Turmhof 2008', '100 % Gewürztraminer', 18.90, 0.75, 3, 93, '', '2016-12-05 10:47:59', '2016-12-05 10:48:52'),
	(221, 1638, 'Tiefenbrunner Müller Thurgau Linticlarus Feldmarschall von Fenner 2008', '100 % Müller Thurgau ', 17.90, 0.75, 3, 93, '', '2016-12-05 10:47:59', '2016-12-05 10:48:52'),
	(222, 1639, 'Tiefenbrunner Sauvignon Blanc Kirchleiten Castel Turmhof 2007', '100 % Sauvignon Blanc', 14.50, 0.75, 3, 93, '', '2016-12-05 10:47:59', '2016-12-05 10:48:52'),
	(223, 1640, 'Tiefenbrunner Pinot Bianco 2008', '100 % Pinot Bianco', 8.50, 0.75, 3, 93, '', '2016-12-05 10:47:59', '2016-12-05 10:48:52'),
	(224, 1641, 'Collestefano Verdicchio di Matelica DOC 2006', '100 % Verdicchio (Biowein) ', 8.50, 0.75, 3, 95, '„Wir bewundern sowohl die Persönlichkeit wie auch die Arbeitsweise von Fabio Marchionni“. So beginnt der Artikel über das Weingut ColleStefano in der 2006er Ausgabe des Gambero Rosso. Fabio produziert nur einen Wein, den Verdicchio di Matelica und dies zusammen mit seiner Frau in Handarbeit und mit seiner ganzen Leidenschaft. Ein Wein von wundervoller Würze mit schönen Zitrusaromen und einer beschwingten feinen Säure. Der Wein hat trotz seiner leicht fruchtigen Art ein gutes Alterungspotential und ist ein idealer Begleiter zu hellem Fleisch und Fischgerichten.', '2016-12-05 10:47:59', '2016-12-05 10:48:52'),
	(225, 1642, 'Collestefano Verdicchio di Matelica DOC 2006', '100 % Verdicchio (Biowein) ', 4.50, 0.375, 3, 95, '', '2016-12-05 10:47:59', '2016-12-05 10:48:52'),
	(226, 1645, 'Casa La Teja Reserva 2001', '70 % Tempranillo 30 % Cabernet Sauvignon ', 7.50, 0.75, 2, 96, '', '2016-12-05 10:47:59', '2016-12-05 10:48:52'),
	(227, 1646, 'Casa La Teja Crianza 2003', '80% Tempranillo 20% Cabernet Sauvignon', 5.50, 0.75, 2, 96, '', '2016-12-05 10:47:59', '2016-12-05 10:48:52'),
	(228, 1647, 'Masi Amarone Classico DOC Campolongo di Torbe 2003', '', 79.00, 0.75, 2, 37, '', '2016-12-05 10:47:59', '2016-12-05 10:48:52'),
	(229, 1648, 'Masi Amarone Classico DOC Mazzano 2001', '', 85.00, 0.75, 2, 37, '', '2016-12-05 10:47:59', '2016-12-05 10:48:52'),
	(230, 1658, 'Mouton Rothschild 1982', '100 PP Top Zustand', 1300.00, 0.75, 2, 72, '', '2016-12-05 10:47:59', '2016-12-05 10:48:52'),
	(231, 1659, 'Mouton Rothschild 1982', '12er OHK 100 PP Top Zustand', 15000.00, 9, 2, 72, '', '2016-12-05 10:47:59', '2016-12-05 10:48:52'),
	(232, 1660, 'Alliance Shiraz 2006', '100 % Shiraz ', 10.90, 0.75, 2, 61, '', '2016-12-05 10:47:59', '2016-12-05 10:48:52'),
	(233, 1662, 'Lake Chalice Sauvignon blanc 2008', '100% Sauvignon Blanc', 11.90, 0.75, 3, 97, '', '2016-12-05 10:47:59', '2016-12-05 10:48:52'),
	(234, 1663, 'Gilligan 2008', '100 %Shiraz ', 19.90, 0.75, 2, 98, 'Ein kraftvoller Wein mit dem für Australier typischen Noten von Vanille und Kirsche aber dennoch mit einem europäischen Einschlag, da die Frucht nicht ganz so vollmundig sondern eher knackig feinwürzig auf die Zunge kommt. Ein Wein der vom Preis-Leistungsverhältnis seinesgleichen sucht', '2016-12-05 10:47:59', '2016-12-05 10:48:52'),
	(235, 1675, 'Sant`Antonio Soave Monte Ceriani DOC 2006', '100% Garganega', 8.90, 0.75, 3, 31, '', '2016-12-05 10:47:59', '2016-12-05 10:48:52'),
	(236, 1676, 'La Tunella Biancosesto DOC 2007', '50% Tocai Friulano, 50% Ribolla Gialla', 15.90, 0.75, 3, 99, '', '2016-12-05 10:47:59', '2016-12-05 10:48:52'),
	(237, 1678, 'Umani Ronchi Cúmaro Rosso Conero 2004', '100 % Montepulciano', 16.50, 0.75, 2, 100, '', '2016-12-05 10:47:59', '2016-12-05 10:48:52'),
	(238, 1680, 'Laibach Pinotage 2007', '', 11.90, 0.75, 2, 101, '', '2016-12-05 10:47:59', '2016-12-05 10:48:52'),
	(239, 1682, 'D`Arenberg The Dead Arm 2005', '100 % Shiraz', 40.00, 0.75, 2, 8, '', '2016-12-05 10:47:59', '2016-12-05 10:48:52'),
	(240, 1683, 'Laibach Merlot 2007', '100 % Merlot', 11.50, 0.75, 2, 101, '', '2016-12-05 10:47:59', '2016-12-05 10:48:52'),
	(241, 1686, 'Capaia 2006', '27% Merlot, 55% Cabernet Sauvignon, 15% Petit Verdot, 3% Cabernet Franc', 25.00, 0.75, 2, 55, 'Diese generöse Bordeaux Komposition gewinnt ihre Harmonie und Komplexität aus den besten und nobelsten Reben des gleichnamigen Capaia Weinguts.\nGrößte Anstrengungen sind in Erforschung und Auswahl der Böden geflossen, um den importierten Qualitätsreben optimalste Wachstumsbedingungen zu garantieren. Der Charakter des Weines reflektiert diese bisher einzigartige Kombination. Die ersten virusfreien Importreben wurden 2000 kultiviert. Die herausfordernden steinigen Schieferböden mit ihren vielen Steigungen und einem überwiegend aus südost kommenden Wind sorgen für raue Wachstumsbedingungen. Das Ergebnis ist eine entsprechend ausbalancierte kleine und konzentrierte Frucht. Etwa 15 km vom kühlen Atlantik und in einer Höhe zwischen 170 m und 270 m gelegen wird die Gegend nach der gleichnamigen Kleinstadt Philadelphia benannt.\nIm Mai 2005 gab es reichliche Niederschläge auf Capaia. So konnten die Reben schon kurz+J254 nach der Ernte Reserven anlegen und den folgenden nasskalten Standard-Kap-Winter - nach zwei trockenen Wintern – in Ruhe genießen. Die Wintermonate ab Ende Mai waren auf Capaia nachts besonders kalt und brachten erneut viel Regen. Die Wachstumszeit von September bis November war mild bis kühl. Während der Blüte schwankten die für diese Zeit typischen Bedingungen zwischen warm, kalt und windig. Das Ergebnis war ein zunächst ungleichmäßiger Reifeprozess. Jedoch konnten die Früchte dank warmen trockenen Wetters im Februar langsam und gleichmäßig weiter reifen.\nDie Trauben wurden zum Zeitpunkt optimaler Reife ausgewählt um dann in den französischen Eichefässern natürlich zu vergären. Dabei wurden die Qualität der einzelnen Weinberge getrennt analysiert und entsprechend verfahren. Die so sorgfältigst zusammengestellte Komposition konnte 14 Monate in neuen französichen Barriques reifen. Der Wein wurde ohne Filtration abgefüllt. Es wird deshalb empfohlen, Capaia 2006 zu dekantieren bevor man ihn mit guten Freunden oder gutem Essen genießt.\nCapaia 2006 zeigt brillante Beeren-Aromen von Kirsche und schwarzer Johannisbeere gewürzt mit gerösteten Nüssen und dunkler Schokolade. Ein wunderschön strukturierter Wein mit elegantem ausbalanciertem Körper und weichen Tanninen.', '2016-12-05 10:47:59', '2016-12-05 10:48:52'),
	(242, 1687, 'Bodega Fernando Remirez de Ganuza, Trasnocho 2004', '100 % Tempranillo', 69.00, 0.75, 2, 102, '', '2016-12-05 10:47:59', '2016-12-05 10:48:52'),
	(243, 1688, 'Bodegas Bretón, Pagos Del Camino 2004', '100 % Granacha ', 22.00, 0.75, 2, 103, '', '2016-12-05 10:47:59', '2016-12-05 10:48:52'),
	(244, 1689, 'Bodegas Bretón, Pagos Del Camino 2004', '100 % Granacha Der Wein vom Jakobsweg sehr schöner 3er Holzkarton mit Schiebedeckel', 66.00, 2.25, 2, 103, '', '2016-12-05 10:47:59', '2016-12-05 10:48:52'),
	(245, 1690, 'Laibach Ladybird 2006', 'grandioser Biowein unbedingt probieren ', 14.50, 0.75, 2, 101, '', '2016-12-05 10:47:59', '2016-12-05 10:48:52'),
	(246, 1692, 'Bodega Museum Real Reserva Cigales DO 2003', '100% Tempranillo 24 Monate Barrique, 12 Monate Flaschenreifung', 15.90, 0.75, 2, 104, '', '2016-12-05 10:47:59', '2016-12-05 10:48:52'),
	(247, 1693, 'Masi Tupungato Passo Doble Rosso di Argentina', '30% Corvina semiappassita. 65% Malbec, 5% Merlot ', 10.00, 0.75, 2, 105, '', '2016-12-05 10:47:59', '2016-12-05 10:48:52'),
	(248, 1694, 'Ricardo Sanz Tinta de Toro Flor de Bellavista DO Toro 2006', '100% Tempranillo', 8.90, 0.75, 2, 106, '', '2016-12-05 10:47:59', '2016-12-05 10:48:52'),
	(249, 1695, 'Heartland Wines Viognier Pinot Gris 2006', 'Viognier, Pinot Gris Region:Langhorne Creek', 10.20, 0.75, 3, 107, 'Dieser Wein von Australiens derzeit angesagtesten Winemaker Ben Glaetzer ist einfach wunderbar. Frisch, aromatisch, mit einer grandiosen Aromenvielfalt und viel Körper ohne jegliche Aufdringlichkeit.', '2016-12-05 10:47:59', '2016-12-05 10:48:52'),
	(250, 1696, 'Heartland Wines Heratland Shiraz 2006', '100% Shiraz Region: Langhorne Creek Limestone Coast', 10.50, 0.75, 2, 107, '', '2016-12-05 10:47:59', '2016-12-05 10:48:52'),
	(251, 1697, 'Heartland Wines Director\'s Cut Shiraz 2006', '100% Shiraz Region: Limestone Coast', 18.30, 0.75, 2, 107, '', '2016-12-05 10:47:59', '2016-12-05 10:48:52'),
	(252, 1698, 'Buitenverwachting Merlot 2004', '100 % Merlot Nur noch wenige Flaschen', 13.50, 0.75, 2, 108, '', '2016-12-05 10:47:59', '2016-12-05 10:48:52'),
	(253, 1699, 'Croissant No 4 Chianti 2006', '', 7.00, 0.75, 2, 80, '', '2016-12-05 10:47:59', '2016-12-05 10:48:52'),
	(254, 1700, 'Brut Millesime 2002', 'Blanc de Blancs 100% Chardonnay Grand Cru ', 27.50, 0.75, 1, 1, '', '2016-12-05 10:47:59', '2016-12-05 10:48:52'),
	(255, 1701, 'Laibach Cabernet Sauvignon 2004', '', 10.90, 0.75, 2, 101, '', '2016-12-05 10:47:59', '2016-12-05 10:48:52'),
	(256, 1702, 'Settesoli Chardonnay 2008', '', 6.20, 0.75, 3, 34, '', '2016-12-05 10:47:59', '2016-12-05 10:48:52'),
	(257, 1703, 'Castillo Perelada Finca Malaveina 2005', '40 % Merlot, 25 % Cabernet Sauvignon, 20 % Syrah, 15 % Lladoner', 21.90, 0.75, 2, 4, '', '2016-12-05 10:47:59', '2016-12-05 10:48:52'),
	(258, 1704, 'Finca Villacreces 2005', '86% Tinto Fino (Tempranillo), 10% Cabernet-Sauvignon, 4% Merlot ', 23.00, 0.75, 2, 109, 'Weinausbau: Ein Viertel des Weines machte die malolaktische Gärung in neuen Barriques aus französischer Eiche. Der gesamte Wein wurde 16 Monate in Barriques von den berühmten Küfern Taransaud und Damajou ausgebaut.\nDegustationsnotiz: Im großen Jahrgang 2004 ist Finca Villcreces der Durchbruch gelungen und Robert Parker hat den Wein zu Recht mit 95 Punkten honoriert: Fast schwarze Farbe, violett gesäumt, komplexes Bukett mit feinsten Noten von Cranberries, Cassis, Mocca und balsamischen Anklängen (Amber). Im Mund dominiert die fleischige Frucht von dunklen Beeren (Brombeeren, Cassis), die dichte Struktur wird ergänzt mit fasten süßen Nuancen, die an Rahmkaramellen, Kokosraspeln und dunkle Schokolade erinnern. \nSpeisenempfehlungen:\nPasst gut zu Filetsteak, zur Entenbrust oder zum Rehbraten', '2016-12-05 10:47:59', '2016-12-05 10:48:52'),
	(259, 1707, 'Can Feixes Blanc Selecció DO 2007', 'Parellada, Macabeo, Chardonnay, Pinot Noir', 9.90, 0.75, 3, 110, 'Farbe: Strohfarben mit grünlichen Reflexen\nCharakteristik: Feinnervig, spritzig, leicht, rassig, sehr elegant\nLagerfähigkeit: 2 - 3 Jahre Gesamtsäure: 6,4 g/l\nAlkoholgehalt: 12,1 %vol.\nRestzucker: 2 g/l\n\nGastronomische Empfehlungen:\nAperitif, Vorspeisen wie  Antipasti Misti  und  Tapas , Fisch und Schalentiere, Nudelgerichte mit hellen Soßen, Gemüseauflauf, Gratin, Risotto, Geflügel und helles Fleisch (Kalb), Weichkäse, Hartkäse', '2016-12-05 10:47:59', '2016-12-05 10:48:52'),
	(260, 1709, 'Can Feixes Negre DO 2004', 'Merlot, Cabernet Sauvignon, Temranillo', 15.50, 0.75, 2, 110, 'Farbe: Heller Rubinton\nCharakteristik: Feine Würze, aromatisch, feine Cassistöne, beerig, elegant, harmonisch\nLagerfähigkeit: 8 - 12 Jahre Gesamtsäure: 5,4 g/l\nAlkoholgehalt: 13,85 %vol.\nRestzucker: 1 g/l\nGastronomische Empfehlungen:\nNudelgerichte mit Tomatensoßen, zarte Gerichte von Schwein und Rind (gekochtes Fleisch, Pfannengerichte, Fleisch in hellen Soßen', '2016-12-05 10:47:59', '2016-12-05 10:48:52'),
	(261, 1710, 'Roda 2003', 'Tempranillo, Garnacha, Graciano', 29.90, 0.75, 2, 111, 'Farbe: leuchtendes Kirschrot\nCharakteristik: Für die Rioja war 2002 ein vom Atlantik geprägtes Jahr. Die Frische dieses Weines beweist dies eindrucksvoll. Rote, sehr expressive Frucht. Seidiges und geschliffenes Tannin, kompakte, animierende Säure. Trotz der Komplexität ein herrlich zugänglicher und ansprechender Wein mit endloser Eleganz.\nLagerfähigkeit: mehr als 10 Jahre Gesamtsäure: 5,6 g/l\nAlkoholgehalt: 14 %vol.\nRestzucker: 2 g/l\nGastronomische Empfehlungen:\nMittelschwere bis kräftige Schmorgerichte aus Huhn und Rind. Aber auch krossgebratener Fisch und Riesengarnelen.', '2016-12-05 10:47:59', '2016-12-05 10:48:52'),
	(262, 1711, 'Roda I 2004', 'Tempranillo', 43.90, 0.75, 2, 111, 'Farbe: leuchtendes Kirschrot mit violetten Reflexen\nCharakteristik: Roda I ist im Vergleich zu Roda ein reinsortiger Tempranillo. Es ist die Selektion der besten Trauben von Roda. Der Wein ist kraftvoller und intensiver. Die Aromen gehen in Richtung dunkle, kleine Beeren, vereint mit Bitterschokolade und Kaffee. Sehr reiches und langes Finale. Großes Alterungspotenzial!\nLagerfähigkeit: mehr als 10 Jahre Gesamtsäure: 5,6 g/l\nAlkoholgehalt: 14,5 %vol.\nRestzucker: 2,1 g/l\nGastronomische Empfehlungen:\nSchmorgerichte aus Lamm und Wild. Gereifter Hartkäse', '2016-12-05 10:47:59', '2016-12-05 10:48:52'),
	(263, 1712, 'Roda Cirsion 2006', 'Tempranillo', 150.00, 0.75, 2, 111, 'Farbe: dunkles Rubinrot mit violetten Refexen\nCharakteristik: Vor einigen Jahren stellten die Weinmacher auf Roda fest, dass einige Rebanlagen anders reiften als der Rest. Diese Rebanlagen waren besonders alt. Mann entschloss sich, diese Trauben separat von Roda und Roda I auszubauen. Das Ergebnis ist Cirsion. Ein Wein wie ein Monument. Kraftvoll, dicht und langlebig. Kaffee, und kräftige Röstaromen verbinden sich mit dunkler Frucht, dezentem Holz und nerviger Säure. Eine perfekte Balance. Jetzt schon Kult!\nLagerfähigkeit: mehr als 10 Jahre Gesamtsäure: 5,5 g/l\nAlkoholgehalt: 14,5 %vol.\nRestzucker: 1,8 g/l\nGastronomische Empfehlungen:\nKräftige Gerichte mit dunklen Fleischsorten, Schmorgerichte wie Kalbsbäckchen mit sauttierten Steinpilzen', '2016-12-05 10:47:59', '2016-12-05 10:48:52'),
	(264, 1713, 'Adegas Martinez Serantes Alba Rosa 2006', 'Albarino', 9.90, 0.75, 2, 112, '', '2016-12-05 10:47:59', '2016-12-05 10:48:52'),
	(265, 1714, 'Iturbide Novem DO 2004', 'Tempranillo, Garnacha, Cabernet Sauvignon', 7.90, 0.75, 2, 113, '', '2016-12-05 10:47:59', '2016-12-05 10:48:52'),
	(266, 1715, 'Sabartés Tinto DO 2006', 'Merlot, Cabernet Sauvignon, Tempranillo, Cabernet Franc', 6.90, 0.75, 2, 114, '', '2016-12-05 10:47:59', '2016-12-05 10:48:52'),
	(267, 1716, 'Sabartés Merlot DO 2004', 'Merlot ', 8.90, 0.75, 2, 114, '', '2016-12-05 10:47:59', '2016-12-05 10:48:52'),
	(268, 1718, 'Enate Syrah-Shiraz DO 2006', 'Syrah', 29.90, 0.75, 2, 12, 'Farbe: Tiefdunkles Rot, mit violettem Kern\nCharakteristik: konzentriert und stoffig, Pfeffer, Maulbeeren und Schokolade, vielschichtig\nLagerfähigkeit: über 7 Jahre Gesamtsäure: 5,9 g/l\nAlkoholgehalt: 14 %vol. Restzucker: 2 g/l ', '2016-12-05 10:47:59', '2016-12-05 10:48:52'),
	(269, 1719, 'Cerrosol Dona Beatriz Verdejo-Viura DO 2006', 'Verdejo, Viura', 6.90, 0.75, 3, 115, 'Farbe: heller Strohton mit Goldreflexen\nCharakteristik: frisch, attraktive Aromen von Zitrone und tropischen Früchten, geschliffene Säure, spannungsreich\nLagerfähigkeit: 2 - 3 Jahre Gesamtsäure: 5,6 g/l\nAlkoholgehalt: 12,65 %vol.\nRestzucker: 2,8 g/l\n\nGastronomische Empfehlungen\nAperitif, Vorspeisen wie  Antipasti Misti  oder  Tapas , Fisch und Schalentiere, Salate, Nudelgerichte mit hellen Soßen, Gemüsegerichte wie Gemüseauflauf, Gratin, Risotto, Geflügel und helles Fleisch,', '2016-12-05 10:47:59', '2016-12-05 10:48:52'),
	(270, 1720, 'Cerrosol Dona Beatriz Sauvignon DO 2007', 'Sauvignon Blanc', 8.50, 0.75, 3, 115, 'Farbe: Intensiver Strohton\nCharakteristik: Intensiv, sehr klarer Aufbau, würzige Aromen von exotischen Früchten und Lorbeer, geschliffen\nLagerfähigkeit: 2 - 3 Jahre Gesamtsäure: 5,6 g/l\nAlkoholgehalt: 12,8 %vol.\nRestzucker: 2,8 g/l\n\nGastronomische Empfehlungen\nAperitif, Vorspeisen wie  Antipasti Misti  oder  Tapas , Fisch und Schalentiere, Eierspeisen ,Geflügel und helles Fleisch', '2016-12-05 10:47:59', '2016-12-05 10:48:52'),
	(271, 1721, 'Marqués de la Villa Rosado DO 2008', 'Tinta de Toro, Garnacha', 5.50, 0.75, 5, 116, '', '2016-12-05 10:47:59', '2016-12-05 10:48:52'),
	(272, 1722, 'Marqués de la Villa Tinto Roble DO 2006', 'Tinta de Toro', 6.00, 0.75, 2, 116, '', '2016-12-05 10:47:59', '2016-12-05 10:48:52'),
	(273, 1723, 'Carrovalle Tempranillo 2006', 'Tinta de Toro (Tempranillo)', 7.50, 0.75, 2, 117, 'Farbe: geschmeidiges Rot-Violett\nCharakteristik: saftig, sehr attraktive Frucht, Aromen von Kirsche und Maulbeere, süße Tannine, elegant und einladend\nLagerfähigkeit: 3 - 6 Jahre Gesamtsäure: 4,9 g/l\nAlkoholgehalt: 14 %vol.\nRestzucker: 5 g/l\nGastronomische Empfehlungen:\nkräftige Gerichte wie Spanferkel aus dem Ofen mit Kruste, Lamm oder Rind, aber auch unkomplizierte Speisen wie Pasta a la Romana oder Pizzen', '2016-12-05 10:47:59', '2016-12-05 10:48:52'),
	(274, 1724, 'Laibach Friedrich Laibach 2003', '64% Cabernet Sauvignon, 16% Merlot, 13% Cabernet Franc, 7% Petit Verdot ', 21.00, 0.75, 2, 101, '', '2016-12-05 10:47:59', '2016-12-05 10:48:52'),
	(275, 1725, 'San Juan Blasón de Romera Tinto 2005', '100 % Tinta del Pais (Tempranillo)', 6.90, 0.75, 2, 90, 'Farbe: dunkles Rubinrot\nCharakteristik: Saftig, leuchtende Frucht, lebendige Säure, feine Art\nLagerfähigkeit: 2 - 4 Jahre Gesamtsäure: 4,8 g/l\nAlkoholgehalt: 13,5 %vol.\nRestzucker: 1,2 g/l\nGastronomische Empfehlungen\nwürzige Gerichte mit Huhn oder Kalb. Milchlamm aus dem Ofen. Milde bis kräftige Käsesorten', '2016-12-05 10:47:59', '2016-12-05 10:48:52'),
	(276, 1726, 'San Juan Blasón de Romera Crianza 2003', '100 % Tinta del Pais (Tempranillo) 12 Mon. Barrique ', 14.50, 0.75, 2, 90, 'Charakteristik: Kraftvoll, intensiv, ausdrucksvolle Frucht, Aromen von Kirsche und Pflaume, feine Gewürztöne, sehr elegant\nLagerfähigkeit: 4 - 7 Jahre\nGesamtsäure: 5,2\ng/l\nAlkoholgehalt: 13 %vol.\nRestzucker: 1,2 g/l\nGastronomische Empfehlungen\nEintöpfe mit Lamm und Rind, Gegrillte, dunkle Fleischsorten mit kräftigen Soßen. Mittelkräftige Käsesorten wie z.B. Manchego', '2016-12-05 10:47:59', '2016-12-05 10:48:52'),
	(277, 1727, 'Teófilo Reyes Tamiz DO 2007', 'Tinto Fino, Albillo Barrique', 11.00, 0.75, 2, 118, 'Farbe: Leuchtendes Rubin\nCharakteristik: Fleischig dicht, warme Fruchttöne von dunklen Beeren, vielfältig, tief und lang\nLagerfähigkeit: 4 - 7 Jahre\nGesamtsäure: 5,2 g/l\nAlkoholgehalt: 14,6 %vol.\nRestzucker: 1,5 g/l\nGastronomische Empfehlungen\nKräftige Gerichte von Schwein und Rind, Braten in dunklen Soßen, gegrilltes Fleisch, Lamm und Wild, kräftiger Hartkäse', '2016-12-05 10:47:59', '2016-12-05 10:48:52'),
	(278, 1728, 'Teófilo Reyes Crianza DO 2005', 'Tinto Fino, Albillo Barrique', 21.00, 0.75, 2, 118, 'Farbe: schwärzlich Brombeerfarben\nCharakteristik: Intensiv, konzentriert, Aromen von Kirschmarmelade, Kaffee, Leder, imposant, lang\nLagerfähigkeit: 8 - 12 Jahre Gesamtsäure: 4,8 g/l\nAlkoholgehalt: 14 %vol.\nRestzucker:1,6 g/l\nGastronomische Empfehlungen\nkräftige Gerichte von Schwein und Rind, Braten in dunklen Soßen, gegrilltes Fleisch, Lamm und Wild, kräftige Käsesorten, ', '2016-12-05 10:47:59', '2016-12-05 10:48:52'),
	(279, 1729, 'Pinol L´Avi Arrufi DO 2004', 'Cabernet Sauvignon, Merlot, Garnacha, Syrah, Tempranillo ', 26.00, 0.75, 2, 82, 'Farbe: tiefdunkel mit violetten Anklängen\nCharakteristik: dicht und konzentriert, fleischig, Bitterschokolade und Röstaromen, balsamische Noten und kompakte Frucht, kraftvolles und langes Finale\nLagerfähigkeit: über 8 Jahre Gesamtsäure: 5,1 g/l\nAlkoholgehalt: 14 %vol.\nRestzucker: 1,1 g/l', '2016-12-05 10:47:59', '2016-12-05 10:48:52'),
	(280, 1730, 'Pinol Sacra Natura DO 2005', 'Carinena, Tempranillo Barrique ', 14.90, 0.75, 2, 82, 'Farbe: Dunkles Rot mit violetten Anklängen\nCharakteristik: komplex und konzentriert, viel Stoff, rauchig, Aromen von Kirsche und Brombeermarmelade, mineralischer Grund, Gewürznoten, schwarze Schokolade\nLagerfähigkeit: 3 - 7 Jahre Gesamtsäure: 5,3 g/l\nAlkoholgehalt: 13,5 %vol.\nRestzucker: 2 g/l\nGastronomische Empfehlungen\nKräftige Gerichte mit dunklen Fleischsorten und konzentrierten Soßen. Eintöpfe mit Lamm. Schmorgerichte. Wild.', '2016-12-05 10:47:59', '2016-12-05 10:48:52'),
	(281, 1732, 'Dehesa la Granja 2002', 'Alejandro Fernàndez´s Dehesa la Granja finden Sie mit allen Informationen in der Region Zamora', 9.00, 0.75, 2, 79, '', '2016-12-05 10:47:59', '2016-12-05 10:48:52'),
	(282, 1734, 'Dehesa la Granja 2002', '100 % Tempranillo', 9.00, 0.75, 2, 119, 'Rebsorte: 100% Tempranillo\nWeinausbau: 2 Jahre in Barriques aus amerikanischer Eiche\nDegustationsnotiz: Kräftiges Granatrot mit violettem Schimmer. Im Bukett Aromen von Blaubeeren vermischt mit erdigen und leicht animalischen Komponenten. Im Mund wird die Beerenfrucht mit Nuancen von Leder und Brotrinde ergänzt. Im Finish dicht und konzentriert mit einer subtilen Note von Eszet-Schokolade.\nTrinkreife: bis 2012\nSpeisenempfehlungen:\nSchmeckt zum Schinken vom iberischen Schwein, zu gegrillten Lammkoteletts und Steaks vom Rind, oder einfach so zum Entspannen und Genießen.', '2016-12-05 10:47:59', '2016-12-05 10:48:52'),
	(283, 1735, 'Sicilia Rosso Etichetta Bianca 2007', 'Nero D`Avola', 6.30, 0.75, 2, 75, '', '2016-12-05 10:47:59', '2016-12-05 10:48:52'),
	(284, 1736, 'Carramimbre Roble 2007', '90% Tinta del País (Tempranillo), 10% Cabernet-Sauvignon 4 Monate Barrique ', 8.50, 0.75, 2, 120, 'Weinausbau: 4 Monate in Barriques aus Missouri und Allier ausgebaut\nDegustationsnotiz: Der 2006er Carramibre Roble begeistert uns durch seine charmanten Primäraromen: Dunkles Granatrot/Violett, im Bukett und im Geschmack eine überschwängliche Frucht von reifen dunklen Beeren (Heidelbeeren, Holunder), die durch eine feine Karamell-Note ergänzt wird. Gut strukturiert mit weichen, geschmeidigen Gerbstoffen und im Finish lange anhaltende Beerenaromen.\nTrinkreife: bis 2011\nSpeisenempfehlungen:\nWir empfehlen diesen Wein besonders zu Braten von Ente und Gans oder zu geschmortem Kaninchen.', '2016-12-05 10:47:59', '2016-12-05 10:48:52'),
	(285, 1737, 'Morgenster Lourens River Valley 2001', 'Merlot / Cabernet Sauvignon ', 17.50, 0.75, 2, 121, 'Intensive rote Farbe, Bouquet nach reifen Früchten wie Schwarzkirsche, Cassis und würzigen Nuancen, ferner Toastaromen und Zedernholz. Am Gaumen samtig, vollmundig und frisch, gut strukturiert mit konzentriertem, aber weichem Tannin. Finale nach Marzipan und Vanille. Klassischer Rotwein im Bordeauxstil. Önologe: Pierre Lurton.\n2001er: 92 Punkte in Weinwelt 1/2008  der würzige, tanninig-baslamische, dezent animalische Duft wirft die Frage auf: Das soll ein Zweitwein sein? ', '2016-12-05 10:47:59', '2016-12-05 10:48:52'),
	(286, 1740, 'Bodegas Izadi Crianza 2005', '100% Tempranillo 14 Monate Barrique ', 8.80, 0.75, 2, 122, '', '2016-12-05 10:47:59', '2016-12-05 10:48:52'),
	(287, 1741, 'Ca`Da Bosio 2008', 'Gavi di Gavi DOCG ', 8.90, 0.75, 3, 123, '', '2016-12-05 10:47:59', '2016-12-05 10:48:52'),
	(288, 1742, 'Palazzo Pisano Ripensato 2008', 'Corvina', 7.50, 0.75, 2, 124, '', '2016-12-05 10:47:59', '2016-12-05 10:48:52'),
	(289, 1743, 'Proyecto Cu4tro 2004', 'Garnacha aus Tarragona, Cabernet Sauvignon aus Conca de Barbera, Tempranillo aus Terra Alta und Monastrell aus Jumilla', 6.90, 0.75, 2, 73, '', '2016-12-05 10:47:59', '2016-12-05 10:48:52'),
	(290, 1744, 'Sant`Antonio Capitel del Monte 2003', '100% Cabernet Sauvignon ', 18.90, 0.75, 2, 31, '', '2016-12-05 10:47:59', '2016-12-05 10:48:52'),
	(291, 1745, 'Sant`Antonio Scaia Bianca IGT 2008', 'Garganega, Trebbiano di Soave, Chardonnay ', 7.00, 0.75, 3, 31, '', '2016-12-05 10:47:59', '2016-12-05 10:48:52'),
	(292, 1747, 'Deaf Galah 2006', '31% Shiraz, 16% Merlot, 29% Grenache, 24% Cabernet Sauvignon auch 2006 wieder ein sensationeller Wein ', 14.90, 0.75, 2, 61, '', '2016-12-05 10:47:59', '2016-12-05 10:48:52'),
	(293, 1755, 'Valpiculata Crianza 2006', '100 % Tinta de Toro (Tempranillo) nur 10.000 Fl. Weltweit ', 14.90, 0.75, 2, 125, '', '2016-12-05 10:47:59', '2016-12-05 10:48:52'),
	(294, 1756, 'Pena Tajada Crianza 2005', 'Tinta de Toro (Tempranillo) 12 Monate Barrique aus französischer Eiche ', 8.50, 0.75, 2, 125, '', '2016-12-05 10:47:59', '2016-12-05 10:48:52'),
	(295, 1759, 'Azienda Agricola Nugnes Falerno Del Massico Bianco DOC 2007', '', 11.90, 0.75, 3, 126, '', '2016-12-05 10:47:59', '2016-12-05 10:48:52'),
	(296, 1761, 'Bodegas Ochoa Gran Reserva 2000', 'Tempranillo, Cabernet Sauvignon, Merlot ', 15.90, 0.75, 2, 127, '', '2016-12-05 10:47:59', '2016-12-05 10:48:52'),
	(297, 1762, 'Bodegas Ochoa Crianza 2006', '100 % Tempranillo ', 7.90, 0.75, 2, 127, '', '2016-12-05 10:47:59', '2016-12-05 10:48:52'),
	(298, 1763, 'Kaapzicht Pinotage 2006', '100 % Pinotage', 12.90, 0.75, 2, 7, '', '2016-12-05 10:47:59', '2016-12-05 10:48:52'),
	(299, 1764, 'Alabanza DOC 2008', 'Tempranillo, Mazuelo, Garnacha ', 6.50, 0.75, 2, 26, '', '2016-12-05 10:47:59', '2016-12-05 10:48:52'),
	(300, 1765, 'Masciarelli Montepulciano D`Abruzzo Marina Cvetic DOC 2005', '100 % Montepulciano ', 18.90, 0.75, 2, 128, '', '2016-12-05 10:47:59', '2016-12-05 10:48:52'),
	(301, 1766, 'Masciarelli Chardonnay Marina Cvetic DOC 2005', '100 % Chardonnay ', 29.90, 0.75, 3, 128, '', '2016-12-05 10:47:59', '2016-12-05 10:48:52'),
	(302, 1769, 'Simply Sunshine Red 2008', '', 5.50, 0.75, 2, 47, '', '2016-12-05 10:47:59', '2016-12-05 10:48:52'),
	(303, 1770, 'Simply Sunshine white 2008', '', 5.50, 0.75, 3, 47, '', '2016-12-05 10:47:59', '2016-12-05 10:48:52'),
	(304, 1771, 'Indio 2006', 'Montepulciano d`Abruzzo DOC', 7.90, 0.75, 2, 129, '', '2016-12-05 10:47:59', '2016-12-05 10:48:52'),
	(305, 1772, 'Serpico Irpinia Aglianico Rosso IGT 2003', 'Aglianico', 46.00, 0.75, 2, 53, '', '2016-12-05 10:47:59', '2016-12-05 10:48:52'),
	(306, 1773, 'Syriacus Irpinia Rosso DOC 2005', 'Aus 250 Jahre alten Rebstöcken ', 41.00, 0.75, 2, 53, '', '2016-12-05 10:47:59', '2016-12-05 10:48:52'),
	(307, 1774, 'Alois Lageder Cor Römigberg 1998', 'Cabernet Sauvignon, Petit Verdot ', 35.00, 0.75, 2, 130, '', '2016-12-05 10:47:59', '2016-12-05 10:48:52'),
	(308, 1775, 'Chateau Ferrand Lartique 1997', 'Saint-Émilon Grand Cru 95 % Merlot, 5 % Cabernet Franc 18 Monate Barrique ', 14.90, 0.375, 2, 131, '', '2016-12-05 10:47:59', '2016-12-05 10:48:52'),
	(309, 1776, 'Terre Avare Primitivo 2008', '100 % Primitivo', 6.50, 0.75, 2, 46, '', '2016-12-05 10:47:59', '2016-12-05 10:48:52'),
	(310, 1777, 'Mesa Buio Rosso 2006', '100 % Carignano', 12.90, 0.75, 2, 56, '', '2016-12-05 10:47:59', '2016-12-05 10:48:52'),
	(311, 1778, 'Barletta Shiraz 2006', '', 9.90, 0.75, 2, 132, '', '2016-12-05 10:47:59', '2016-12-05 10:48:52'),
	(312, 1781, 'Masciarelli Trebbiano Marina Cvetic DOC 2005', '100 % Trebbiano', 29.90, 0.75, 3, 128, '', '2016-12-05 10:47:59', '2016-12-05 10:48:52'),
	(313, 1782, 'Marco Porello Barbera d `Alba Mommiano 2006', '100 % Barbera ', 10.90, 0.75, 2, 133, '', '2016-12-05 10:47:59', '2016-12-05 10:48:52'),
	(314, 1783, 'Marco Porello Roero Toretta 2006', '100 % Nebbiolo', 18.90, 0.75, 2, 133, '', '2016-12-05 10:47:59', '2016-12-05 10:48:52'),
	(315, 1784, 'Marco Porello Roero Arneis Camestri DOCG 2007', '100 % Arneis ', 10.90, 0.75, 3, 133, '', '2016-12-05 10:47:59', '2016-12-05 10:48:52'),
	(316, 1785, 'Terre da Vino Tra Donne Sole 2007', '65% Sauvignon Blanc 35% Chardonnay ', 8.50, 0.75, 3, 134, '', '2016-12-05 10:47:59', '2016-12-05 10:48:52'),
	(317, 1786, 'Montgras Quatro 2007', 'Cabernet Sauvignon Syrah Carmenère Malbec', 9.50, 0.75, 2, 71, 'Intensiv-würziges Bukett, reife Kirscharomen, mit eingebundenen weichen Taninen, komplex mit guter Struktur.\nZu Fleischgerichten und würzigem Käse.\nDie Trauben für die MontGras-Weine stammen von eigenen Weinbergen im Colchagua Tal und werden ausnahmslos von Hand geerntet. Die Weine sind fruchtig und ausgewogen und vor allem unkompliziert zu genießen.\nMit dem Quatro vermählt Winemker Hernán Gras das jeweils Beste seiner vier feinsten Rebsorten zu einem Wein der Extraklasse. Cabernet Sauvignon ist für Rückgrat und Komplexität verantwortlich, Syrah für Tiefe und Harmonie, Carmenère für volle Frucht und Malbec für feine Würze.', '2016-12-05 10:47:59', '2016-12-05 10:48:52'),
	(318, 1787, 'Pasanau Finca La Planeta 2005', '80% Cabernet Sauvignon 20% Garnacha 12 Monate Barrique ', 23.90, 0.75, 2, 135, '', '2016-12-05 10:47:59', '2016-12-05 10:48:52'),
	(319, 1789, 'Sant`Antonio Amarone DOC 2004', 'Campo dei Gigli', 45.90, 0.75, 2, 31, '', '2016-12-05 10:47:59', '2016-12-05 10:48:52'),
	(320, 1790, 'Cusumano Benuara IGT 2007', 'Nero D`Avola, Syrah ', 8.90, 0.75, 2, 20, '', '2016-12-05 10:47:59', '2016-12-05 10:48:52'),
	(321, 1791, 'Azienda Agricola Nugnes Caleno Falerno Riserva DOC 2005', 'Aglianico / Piedirosso', 22.50, 0.75, 2, 126, '', '2016-12-05 10:47:59', '2016-12-05 10:48:52'),
	(322, 1792, 'La Spinetta Il Nero di Casanova IGT 2006', '100 % Sangiovese (Toscana)', 14.50, 0.75, 2, 18, '', '2016-12-05 10:47:59', '2016-12-05 10:48:52'),
	(323, 1793, 'Vinosia Irpinia Aglianico DOC 2007', '100 % Aglianico ', 8.00, 0.75, 2, 136, '', '2016-12-05 10:47:59', '2016-12-05 10:48:52'),
	(324, 1794, 'Vinosia Taurasi DOCG 2004', '100 % Aglianico ', 17.95, 0.75, 2, 136, '', '2016-12-05 10:47:59', '2016-12-05 10:48:52'),
	(325, 1808, 'ADW Solitary Rowland Flat Grenache 2006', '100 % Grenache ', 39.00, 0.75, 2, 61, '', '2016-12-05 10:47:59', '2016-12-05 10:48:52'),
	(326, 1809, 'ADW Solitary Onkaparinga Grenache 2006', '100 % Grenache ', 39.00, 0.75, 2, 61, '', '2016-12-05 10:47:59', '2016-12-05 10:48:52'),
	(327, 1810, 'ADW Solitary Kalimna Shiraz 2006', '100 % Shiraz', 39.00, 0.75, 2, 61, '', '2016-12-05 10:47:59', '2016-12-05 10:48:52'),
	(328, 1811, 'ADW Solitary Marananga Shiraz 2006', '100 % Shiraz', 60.00, 0.75, 2, 61, '', '2016-12-05 10:47:59', '2016-12-05 10:48:52'),
	(329, 1812, 'Tignanello Solaia Toscana IGT 2005', '75% Cabernet Sauvignon, 20% Sangiovese, 5% Cabernet Franc 14 Monate Barrique, 12 Monate Flaschenreife', 250.00, 0.75, 2, 63, '', '2016-12-05 10:47:59', '2016-12-05 10:48:52'),
	(330, 1816, 'La Spinetta Barbera d`Asti Bionzo 2006', '100 % Barbera ', 34.00, 0.75, 2, 18, 'Der Weinwisser gibt 19 von 20 Punkten und urteilt wie folgt.\n Dieser Wein könnte polarisieren. Schweretrinker lieben die Opulenz, die Aromentiefe, die Wucht. Filigrantrinker werden vor der unbändigen Kraft des «Bionzo» zurückschrecken. Doch auf den sandig-kalkhaltigen Böden um Asti wachsen nun einmal keine Leichtgewichte, sondern Weine, die in guten Jahren wie 2006 so druckvoll, so konzentriert, so fett sind, dass sie schon mal das Glas sprengen können: undurchdringliche, fast opake Farbe, im Duft noch sehr verschlossen mit einem Anflug von Ribes, Grafit, Minze und Zwetschgenröster, sehr dicht gewoben, vielschichtig und trotz hohen Alkohols mit einer sensationell hohen Rotweinsäure (6,5 g) ausgestattet.\n19/20 Punkte - Trinkreife 2010–2020', '2016-12-05 10:47:59', '2016-12-05 10:48:52'),
	(331, 1817, 'Heartland Wines Heratland Shiraz 2006', '100% Shiraz Region: Langhorne Creek Limestone Coast', 10.50, 0.75, 2, 107, '', '2016-12-05 10:47:59', '2016-12-05 10:48:52'),
	(332, 1818, 'ADW Gaelic Cemetery Shiraz 2006', '100 % Shiraz', 89.00, 0.75, 2, 61, '', '2016-12-05 10:47:59', '2016-12-05 10:48:52'),
	(333, 1819, 'Waterford Estate Cabernet Sauvignon 2006', '100% Cabernet Sauvignon ', 18.50, 0.75, 2, 38, '', '2016-12-05 10:47:59', '2016-12-05 10:48:52'),
	(334, 1820, 'Feudo Arancio Merlot 2007', '100 % Merlot ', 5.90, 0.75, 2, 41, '', '2016-12-05 10:47:59', '2016-12-05 10:48:52'),
	(335, 1821, 'Le Filigare Chianti Classico 2006', '', 15.90, 0.75, 2, 137, '', '2016-12-05 10:47:59', '2016-12-05 10:48:52'),
	(336, 1824, 'Poggio Delle Faine 2004', '80% Sangiovese, 20% Cabernet Sauvignon', 10.50, 0.75, 2, 138, '', '2016-12-05 10:47:59', '2016-12-05 10:48:52'),
	(337, 1825, 'Collosorbo Brunello 2004', '100 % Sangiovese ', 32.90, 0.75, 2, 139, '', '2016-12-05 10:47:59', '2016-12-05 10:48:52'),
	(338, 1826, 'Tenuta di Vignole Chianti Classico 2005', 'Sangiovese, Merlot', 12.50, 0.75, 2, 140, '', '2016-12-05 10:47:59', '2016-12-05 10:48:52'),
	(339, 1827, 'Domenico Clerico Barbera D´Alba 2006', 'Barbera noch 4 Fl. zum Aktionspreis ', 21.00, 0.75, 2, 141, '', '2016-12-05 10:47:59', '2016-12-05 10:48:52'),
	(340, 1828, 'Lillian Shiraz 2006', '100% Shiraz ', 75.00, 0.75, 2, 142, '', '2016-12-05 10:47:59', '2016-12-05 10:48:52'),
	(341, 1829, 'Cheval des Andes 2005', '56% Cabernet Sauvignon, 40% Malbec, 4% Petit Verdot ', 63.00, 0.75, 2, 143, '', '2016-12-05 10:47:59', '2016-12-05 10:48:52'),
	(342, 1831, 'Cloudy Bay Sauvignon Blanc 2008', '100 % Sauvignon Blanc', 22.90, 0.75, 3, 144, '', '2016-12-05 10:47:59', '2016-12-05 10:48:52'),
	(343, 1832, 'Cloudy Bay Chardonnay 2006', '100 % Chardonnay', 24.90, 0.75, 3, 144, '', '2016-12-05 10:47:59', '2016-12-05 10:48:52'),
	(344, 1833, 'Cloudy Bay Pinot Noir 2006', '100 % Pinot Noir ', 26.50, 0.75, 2, 144, '', '2016-12-05 10:47:59', '2016-12-05 10:48:52'),
	(345, 1835, 'Alenza 2001', '100% Tempranillo, 30 Mon. Barrique ', 46.00, 0.75, 2, 78, '', '2016-12-05 10:47:59', '2016-12-05 10:48:52'),
	(346, 1836, 'Masi Amarone Classico DOC Costasera Riserva2003', 'streng Limitiert 6 Flaschen am Lager ', 45.00, 0.75, 2, 37, 'Dunkles, undurchdringliches Rot, intensives Violett am Rand. Im Bouquet erinnert er an Kirschkompott und Pflaumen mit einigen Noten duftender Lorbeerpflanzen. Im Mund ist er warm und weich, mit vorherrschenden Noten von Kirschen, Heidelbeeren und süßen Gewürzen. Das lange Finale ist schön trocken und zeichnet sich durch Noten von frischen Heidelbeeren aus.', '2016-12-05 10:47:59', '2016-12-05 10:48:52'),
	(347, 1837, 'Fino Tesoro Jerez Seco', '', 9.90, 0.75, 2, 17, '', '2016-12-05 10:47:59', '2016-12-05 10:48:52'),
	(348, 1838, 'Ànima Negra Àn/1 2005', 'Callet 14 Mon. Barrique französische Eiche ', 29.90, 0.75, 2, 145, '', '2016-12-05 10:47:59', '2016-12-05 10:48:52'),
	(349, 1839, 'Ànima Negra Àn/2 2006', 'Callet, Manto Negro, Tempranillo, Cabernet Sauvignon 11 Mon. Barrique französische Eiche ', 13.50, 0.75, 2, 145, '', '2016-12-05 10:47:59', '2016-12-05 10:48:52'),
	(350, 1840, 'Planeta Chardonnay 2007', 'Chardonnay ', 20.50, 0.75, 3, 44, '', '2016-12-05 10:47:59', '2016-12-05 10:48:52'),
	(351, 1841, 'Cusumano Angimbe IGT 2008', 'Insolia, Chardonnay ', 6.90, 0.75, 3, 20, '', '2016-12-05 10:47:59', '2016-12-05 10:48:52'),
	(352, 1842, 'Cusumano Alcamo IGT 2008', 'Cataratto ', 4.90, 0.75, 3, 20, '', '2016-12-05 10:47:59', '2016-12-05 10:48:52'),
	(353, 1843, 'Miquel Oliver Aia 2007', '100 % Merlot 7 Monate in neuen Fässern aus amerikanischer und französischer Eiche ', 18.50, 0.75, 2, 146, '', '2016-12-05 10:47:59', '2016-12-05 10:48:52'),
	(354, 1844, 'Miquel Oliver Ses Ferritges 2005', 'Cabernet Sauvignon und Merlot 12 Monate in neuen französischen und amerikanischen Eichenfässern und 24 Monate in der Flasche gereift ', 11.90, 0.75, 2, 146, '', '2016-12-05 10:47:59', '2016-12-05 10:48:52'),
	(355, 1845, 'Miquel Oliver Muscat 2008', '100% Moscatell ', 8.50, 0.75, 3, 146, '', '2016-12-05 10:47:59', '2016-12-05 10:48:52'),
	(356, 1846, 'Ornellaia 2006', '', 125.00, 0.75, 2, 147, '', '2016-12-05 10:47:59', '2016-12-05 10:48:52'),
	(357, 1847, 'Ornellaia 2005', '', 500.00, 1.5, 2, 147, '', '2016-12-05 10:47:59', '2016-12-05 10:48:52'),
	(358, 1848, 'Ornellaia 2005', '', 1300.00, 3, 2, 147, '', '2016-12-05 10:47:59', '2016-12-05 10:48:52'),
	(359, 1849, 'Parusso Riserva Vigna Rocche 1999', 'Gold Label ', 150.00, 0.75, 2, 148, '', '2016-12-05 10:47:59', '2016-12-05 10:48:52'),
	(360, 1850, 'Tenuta San Guido Sassicaia 2005', '', 250.00, 1.5, 2, 149, '', '2016-12-05 10:47:59', '2016-12-05 10:48:52'),
	(361, 1852, 'Masi Campofiorin 2006', 'Ripasso ', 10.70, 0.75, 2, 37, 'Dieser Ripasso Wein zeichnet sich durch seine rubinrote Farbe und würzige Aromen mit Anklängen von reifen Früchten und Veilchen aus. Am Gaumen ist er sanft und warm mit dem typischen Geschmack nach schwarzen Kirschen.', '2016-12-05 10:47:59', '2016-12-05 10:48:52'),
	(362, 1853, 'Rust en Vrede Shiraz 2004', '100 % Shiraz ', 19.00, 0.75, 2, 150, '', '2016-12-05 10:47:59', '2016-12-05 10:48:52'),
	(363, 1854, 'Rust en Vrede Estate 2004', '58 % Cabernet Sauvignon, 29 % Shiraz, 13 % Merlot ', 29.00, 0.75, 2, 150, '', '2016-12-05 10:47:59', '2016-12-05 10:48:52'),
	(364, 1855, 'Rust en Vrede Cabernet Sauvignon 2004', '100 % Cabernet Sauvignon', 19.00, 0.75, 2, 150, '', '2016-12-05 10:47:59', '2016-12-05 10:48:52'),
	(365, 1856, 'Proyecto Cu4tro 2005', 'Garnacha aus Tarragona, Cabernet Sauvignon aus Conca de Barbera, Tempranillo aus Terra Alta und Monastrell aus Jumilla', 6.90, 0.75, 2, 73, '', '2016-12-05 10:47:59', '2016-12-05 10:48:52'),
	(366, 1857, 'Bodegas Agnusdei Albarino 2008', '', 9.90, 0.75, 3, 151, '', '2016-12-05 10:47:59', '2016-12-05 10:48:52'),
	(367, 1858, 'Terra de Verema Triumvirat 2006', 'Carinena, Garnacha, Syrah 12 Mon. Barrique', 31.00, 0.75, 2, 152, '', '2016-12-05 10:47:59', '2016-12-05 10:48:52'),
	(368, 1859, 'Terra de Verema Corelium 2005', '90 % Carinena, 10 % Garnacha 18 Monate Barrique ', 59.90, 0.75, 2, 152, '', '2016-12-05 10:47:59', '2016-12-05 10:48:52'),
	(369, 1860, 'Finca la Mejorada Villalar 2006', '90 % Tempranillo, 10 % Cabernet Franc 6 Mon. Barrique ', 7.90, 0.75, 2, 153, '', '2016-12-05 10:47:59', '2016-12-05 10:48:52'),
	(370, 1861, 'Finca la Mejorada Las Norias 2004', '100 % Tempranillo 12 Mon. Barrique ', 16.50, 0.75, 2, 153, '', '2016-12-05 10:47:59', '2016-12-05 10:48:52'),
	(371, 1862, 'Finca la Mejorada Las Cercas 2004', '60 % Tempranillo, 40 % Syrah 6 Mon. Barrique ', 21.90, 0.75, 2, 153, '', '2016-12-05 10:47:59', '2016-12-05 10:48:52'),
	(372, 1863, 'Judith Beck Zweigelt 2007', '100 % Zweigelt', 9.50, 0.75, 2, 154, '', '2016-12-05 10:47:59', '2016-12-05 10:48:52'),
	(373, 1864, 'Judith Beck Blaufränkisch 2007', '100 % Blaufränkisch', 8.90, 0.75, 2, 154, '', '2016-12-05 10:47:59', '2016-12-05 10:48:52'),
	(374, 1865, 'Judith Beck Pinot Noir 2006', '100 % Pinot Noir ', 22.50, 0.75, 2, 154, '', '2016-12-05 10:47:59', '2016-12-05 10:48:52'),
	(375, 1866, 'Judith Beck Heideboden 2007', '40 % Blaufränkisch, 40% Zweigelt, 10 % St. Laurent, 10 % Cabernet Sauvignon 13 Monate Barrique ', 13.90, 0.75, 2, 154, '', '2016-12-05 10:47:59', '2016-12-05 10:48:52'),
	(376, 1867, 'Judith Beck Pannobile 2006', '60 % Zweigelt, 30 % Blaufränkisch, 10 % St. Laurent 18 Mon. Barrique ', 21.90, 0.75, 2, 154, '', '2016-12-05 10:47:59', '2016-12-05 10:48:52'),
	(377, 1868, 'Judith Beck St. Laurent Schafleiten 2006', '100 % St. Laurent 16 Mon. Barrique', 17.90, 0.75, 2, 154, '', '2016-12-05 10:47:59', '2016-12-05 10:48:52'),
	(378, 1869, 'Judith Beck Weissburgunder 2008', '100 % Weissburgunder ', 8.50, 0.75, 3, 154, '', '2016-12-05 10:47:59', '2016-12-05 10:48:52'),
	(379, 1870, 'Tignanello Toscana IGT 2006', '85% Sangiovese, 10% Cabernet Sauvignon, 5% Cabernet Franc ', 65.00, 0.75, 2, 63, '', '2016-12-05 10:47:59', '2016-12-05 10:48:52'),
	(380, 1871, 'Sine Qua Non Raven Syrah 2006', '100 % Syrah', 289.00, 0.75, 2, 155, '', '2016-12-05 10:47:59', '2016-12-05 10:48:52'),
	(381, 1872, 'Sine Qua Non Raven Grenache 2006', '100 % Grenache ', 309.00, 0.75, 2, 155, '', '2016-12-05 10:47:59', '2016-12-05 10:48:52'),
	(382, 1874, 'Antica Terra Pinot Noir 2007', '100 % Pinot Noir ', 60.00, 0.75, 2, 156, '', '2016-12-05 10:47:59', '2016-12-05 10:48:52'),
	(383, 1875, 'Senorio de Barahonda Carro 2008', 'Monastrell, Syrah, Tempranillo ', 6.90, 0.75, 2, 91, '', '2016-12-05 10:47:59', '2016-12-05 10:48:52'),
	(384, 1876, 'Buitenverwachting Meifort 2006', 'Merlot, Cabernet Sauvignon, Cabernet Franc ', 9.15, 0.75, 2, 108, '', '2016-12-05 10:47:59', '2016-12-05 10:48:52'),
	(385, 1877, 'Buitenverwachting Merlot 2005', '100 % Merlot ', 13.50, 0.75, 2, 108, '', '2016-12-05 10:47:59', '2016-12-05 10:48:52'),
	(386, 1878, 'Vinosia Marziacanale Irpinia 2006', '100 % Aglianico ', 21.90, 0.75, 2, 136, '', '2016-12-05 10:47:59', '2016-12-05 10:48:52'),
	(387, 1879, 'Feudi di San Marzano Sessantanni Primitivo di Manduria 2006', '100 % Primitivo', 18.50, 0.75, 2, 52, '', '2016-12-05 10:47:59', '2016-12-05 10:48:52'),
	(388, 1880, 'Umani Ronchi Saniar 2007', '90 % Montepulciano 10 % Syrah 1 Jahr in neuen französischen Barrique ', 9.50, 0.75, 2, 100, '', '2016-12-05 10:47:59', '2016-12-05 10:48:52'),
	(389, 1882, 'Buitenverwachting Cabernet Franc 2005', '100 % Cabernet Franc ', 20.90, 0.75, 2, 108, '', '2016-12-05 10:47:59', '2016-12-05 10:48:52'),
	(390, 1883, 'Re Manfredi Rosa 2008', '100 % Aglianico', 9.90, 0.75, 5, 25, '', '2016-12-05 10:47:59', '2016-12-05 10:48:52'),
	(391, 1884, 'Syrah Collzeione de Marchi IGT 2004', '100% Syrah ', 38.90, 0.75, 2, 13, '', '2016-12-05 10:47:59', '2016-12-05 10:48:52'),
	(392, 1885, 'Bodegas Erial Erial 2007', '100 % Tinta Fina (Tempranillo) 12 Monate Barrique', 13.00, 0.75, 2, 157, '', '2016-12-05 10:47:59', '2016-12-05 10:48:52'),
	(393, 1886, 'Bodegas Erial Erial TF 2006', '100 % Tinta Fina (Tempranillo) ', 19.50, 0.75, 2, 157, '', '2016-12-05 10:47:59', '2016-12-05 10:48:52'),
	(394, 1887, 'Roda 2004', 'Tempranillo, Garnacha, Graciano', 29.90, 0.75, 2, 111, '', '2016-12-05 10:47:59', '2016-12-05 10:48:52'),
	(395, 1888, 'James Irvine Springhill Merlot 2006', '100 % Merlot ', 11.70, 0.75, 2, 158, '', '2016-12-05 10:47:59', '2016-12-05 10:48:52'),
	(396, 1889, 'Tignanello Solaia Toscana IGT 2006', '75% Cabernet Sauvignon, 20% Sangiovese, 5% Cabernet Franc 12 Monate Barrique, 12 Monate Flaschenreife', 240.00, 0.75, 2, 63, '', '2016-12-05 10:47:59', '2016-12-05 10:48:52'),
	(397, 1890, 'Marchesi Alfieri Barbera Superiore Alfiera 2006', '100 % Barbera ', 23.90, 0.75, 2, 159, 'Dieser Cru wird nur in den großen Jahrgängen, aus den besten Barbera Trauben hergestellt.\nDie Trauben wachsen auf Weinstöcken , die im Jahre 1937 auf einen 4 ha. großen Südhang gepflanzt wurden.\nDunkle, rubinrote Farbe, intensives, an reife Kirsche, Pflaumen und Waldfrüchte erinnerndes Bukett mit perfektem Ausgleich von Vanille und Kakao. Am Gaumen üppig und sanftig, zugleich mit einem langen und fruchtigen Finale.\nDieser Wein eignet sich dazu, mehr als 10 Jahre in der Flasche zu reifen. Am besten ist er mit Fleischgerichten aus dunklem Fleisch, Braten sowie mit mittel- bis lang gereiften Käsesorten zu genießen. ', '2016-12-05 10:47:59', '2016-12-05 10:48:52'),
	(398, 1891, 'Tenuta Guado al Tasso 2006', '60% Cabernet Sauvignon, 30% Merlot, 10% Syrah', 76.00, 0.75, 2, 160, '', '2016-12-05 10:47:59', '2016-12-05 10:48:52'),
	(399, 1892, 'Vignalta Arqua 2004', '75 % Merlot 25 % Cabernet Sauvignon ', 21.90, 0.75, 2, 69, '', '2016-12-05 10:47:59', '2016-12-05 10:48:52'),
	(400, 1893, 'Vignalta Gemola 2003', '70 % Merlot 30 % Cabernet Franc ', 21.90, 0.75, 2, 69, 'Wie ein Edelstein zwischen den Hügeln, liegt südlich von Venda, 3 Meilen von Este entfernt GEMMOLA mit seinen üppigen Weingärten und Olivenhainen, von Wiesen umgeben” (Guglielmo Stefani, 1845).\nEine perfekte Lage und Ausrichtung in Verbindung mit der besonderen Komposition der vulkanischen Böden übertragen den im Weinberg Monte Gemole angebauten Trauben einzigartige Charakteristiken.\nDer aus Merlot und einem geringen Anteil Cabernet Franc vinifizierte Gemola ist der Bannerwein von VIGNALTA, der dem Weingut bisher die höchsten Anerkennungen gewonnen hat. Ihm wird minutiöse Aufmerksamkeit sowohl im Weinberg als auch während aller Produktionsphasen bis zur Abfüllung nach dem zweijährigen Ausbau in neuen Tonneaux aus französischer Eiche gewidmet.\nAbsolut einer der besten italienischen Merlot, der sich auf internationaler Ebene zu behaupten vermag.\nIdeale Mariage mit aufwändigen Bratengerichten aus rotem Fleisch.', '2016-12-05 10:47:59', '2016-12-05 10:48:52'),
	(401, 1894, 'Vignalta Rosso Riserva 2005', '60 % Merlot 40 % Cabernet Sauvignon ', 9.90, 0.75, 2, 69, 'Die Rebsorten Merlot und Cabernet wurden im 19 Jahrhundert in die Colli Euganei-Zone eingeführt und akklimatisierten sich derart gut in den Hügeln vulkanischen Ursprungs, dass zu ihren Gunsten innerhalb kurzer Zeit die autochthonen Varietäten aufgegeben wurden.\nDiese Cuvée aus Merlot und Cabernet bringt mit der musterhaften Balance zwischen Frucht und den nach zweijährigem Ausbau im Eichenfass weichen Edeltanninen die Ausdruckskraft des euganischen Territoriums zur Geltung.\nBegleitet Zwischengerichte mit Fleischsaucen und Zubereitungen mit rotem und hellem Fleisch im Allgemeinen.', '2016-12-05 10:47:59', '2016-12-05 10:48:52'),
	(402, 1895, 'Parusso Barbera Superiore Ornati 2006', '100 % Barbera ', 23.00, 0.75, 2, 148, '', '2016-12-05 10:47:59', '2016-12-05 10:48:52'),
	(403, 1897, 'Vinosia Taurasi Rajamagra DOCG 2002', '100 % Aglianico ', 27.90, 0.75, 2, 136, 'Rajamagra ist der Name eines sehr alten Weinbergs in der Ortschaft Taurasi. Hier werden in 650 Meter über dem Meer, am Fuße des Vesuv`s allerbeste Aglianicoreben produziert. Ende Oktober bis Anfang November werden diese relativ spätreifenden Trauben geerntet. Der Taurasi Riserva muß mindestens 5 Jahre im Fass reifen. Rajamagra ist eine echte Einzellage wie Sie im Buche steht, ein echter Grand Cru. Es wurden nur knapp 5000 Flaschen abgefüllt.\nDunkles Schwarzrot, reiches Bukett an Schwarzkirschen und Backpflaumen. Am Gaumen voll, saftig, feine Säure, sehr fruchtig, nobles Tannin, sehr langer Abgang, großer Wein.', '2016-12-05 10:47:59', '2016-12-05 10:48:52'),
	(404, 1898, 'Vinosia Greco di Tufo DOCG 2008', '100 % Greco ', 11.50, 0.75, 3, 136, '', '2016-12-05 10:47:59', '2016-12-05 10:48:52'),
	(405, 1899, 'Serafini & Vidotto Abazia 2003', 'Merlot, Cabernet Sauvignon ', 23.00, 0.75, 2, 161, '', '2016-12-05 10:47:59', '2016-12-05 10:48:52'),
	(406, 1900, 'Kaapzicht Steytler Pinotage 2004', '100 % Pinotage ', 24.90, 0.75, 2, 7, '', '2016-12-05 10:47:59', '2016-12-05 10:48:52'),
	(407, 1901, 'Mesa Giunco Bianco 2008', '100 % Vermentino ', 11.60, 0.75, 3, 56, '', '2016-12-05 10:47:59', '2016-12-05 10:48:52'),
	(408, 1902, 'Campos de Luz Rosado 2008', '100 % Syrah ', 4.95, 0.75, 5, 162, '', '2016-12-05 10:47:59', '2016-12-05 10:48:52'),
	(409, 1903, 'Piculia 2008', 'Tinta de Toro (Tempranillo) 2 Monate Barrique aus französischer Eiche ', 6.90, 0.75, 2, 125, '', '2016-12-05 10:47:59', '2016-12-05 10:48:52'),
	(410, 1904, 'Buitenverwachting Meifort 2005', 'Merlot, Cabernet Sauvignon, Cabernet Franc ', 8.90, 0.75, 2, 108, '', '2016-12-05 10:47:59', '2016-12-05 10:48:52'),
	(411, 1905, 'Kaapzicht Estade Red 2006', 'Shiraz, Cabernet Sauvignon', 8.10, 0.75, 2, 7, '', '2016-12-05 10:47:59', '2016-12-05 10:48:52'),
	(412, 1906, 'Kaleidoscope 2005', 'ehemals Classic Red 28% Cinsaut, 24% Merlot, 24% Shiraz, 21% Cabernet Sauvignon, 3% Pinotage ', 7.00, 0.75, 2, 7, '', '2016-12-05 10:47:59', '2016-12-05 10:48:52'),
	(413, 1907, 'Laibach Cabernet Sauvignon 2006', '', 10.90, 0.75, 2, 101, '', '2016-12-05 10:47:59', '2016-12-05 10:48:52'),
	(414, 1911, 'Noon Eclipse 2007', 'Grenache, Shiraz', 55.00, 0.75, 2, 163, '', '2016-12-05 10:47:59', '2016-12-05 10:48:52'),
	(415, 1913, 'Noon Reserve Cabernet Sauvignon 2007', '100 % Cabernet Sauvignon ', 99.00, 0.75, 2, 163, '', '2016-12-05 10:47:59', '2016-12-05 10:48:52'),
	(416, 1923, 'Afincado Malbec 2005', '100 % Malbec ', 36.00, 0.75, 2, 143, '', '2016-12-05 10:47:59', '2016-12-05 10:48:52'),
	(417, 1924, 'Afincado Cabernet Sauvignon 2003', '100 % Cabernet Sauvignon ', 34.00, 0.75, 2, 143, '', '2016-12-05 10:47:59', '2016-12-05 10:48:52'),
	(418, 1925, 'Reserva Chardonnay 2007', '100 % Chardonnay ', 18.50, 0.75, 3, 143, '', '2016-12-05 10:47:59', '2016-12-05 10:48:52'),
	(419, 1926, 'Reserva Malbec 2007', '100 % Malbec ', 18.50, 0.75, 2, 143, '', '2016-12-05 10:47:59', '2016-12-05 10:48:52'),
	(420, 1927, 'Reserva Cabernet Sauvignon 2005', '100 % Cabernet Sauvignon', 18.50, 0.75, 2, 143, '', '2016-12-05 10:47:59', '2016-12-05 10:48:52'),
	(421, 1928, 'Feudi di San Marzano Primitivo di Manduria Sud 2008', '', 9.50, 0.75, 2, 52, '', '2016-12-05 10:47:59', '2016-12-05 10:48:52'),
	(422, 1929, 'Nino Negri Sfursat 5 Stelle DOC 2004', '12 + Mon. Barrique, 100% Chiavennasca (Nebbiolo) ', 37.50, 0.75, 2, 64, '', '2016-12-05 10:47:59', '2016-12-05 10:48:52'),
	(423, 1930, 'Pena Tajada Crianza 2006', 'Tinta de Toro (Tempranillo) 12 Monate Barrique aus französischer Eiche ', 8.50, 0.75, 2, 125, '', '2016-12-05 10:47:59', '2016-12-05 10:48:52'),
	(424, 1931, 'D`Arenberg The Dead Arm 2006', '100 % Shiraz', 36.00, 0.75, 2, 8, '', '2016-12-05 10:47:59', '2016-12-05 10:48:52'),
	(425, 1933, 'Feudi di San Marzano Negroamaro 2007', '100 % Primitivo', 5.90, 0.75, 2, 52, '', '2016-12-05 10:47:59', '2016-12-05 10:48:52'),
	(426, 1934, 'Le Filigare Lorenzo Chianti Classico 2007', '', 18.90, 0.75, 2, 137, '', '2016-12-05 10:47:59', '2016-12-05 10:48:52'),
	(427, 1935, 'D`Arenberg The Stump Jump 2006', 'Grenache, Shiraz, Mourvèdre ', 7.50, 0.75, 2, 8, '', '2016-12-05 10:47:59', '2016-12-05 10:48:52'),
	(428, 1937, 'Feudi di San Gregorio Efesto 2003', '', 18.50, 0.75, 2, 80, '', '2016-12-05 10:47:59', '2016-12-05 10:48:52'),
	(429, 1938, 'Asara Ebony 2004', '', 18.50, 0.75, 2, 80, '', '2016-12-05 10:47:59', '2016-12-05 10:48:52'),
	(430, 1939, 'Frontaura Dominio De Valdelacasa 2005', '100 % Tinta de Toro', 20.00, 0.75, 2, 164, 'Der Wein scheint zunächst fast unbändig und opulent, entwickelt aber bereits eine halbe Stunde nach dem Öffnen eine unglaubliche Vielschichtigkeit und Finesse. Dunkle Beerenaromen, Lakritz und Kaffee… in der Nase und ein ganz feiner Vollmundiger Beerencocktail am Gaumen.', '2016-12-05 10:47:59', '2016-12-05 10:48:52'),
	(431, 1940, 'Frontaura Crianza 2004', '100 % Tinta de Toro', 32.00, 0.75, 2, 164, 'Subtile und komplexe Nase, mit Anklängen von Zedernholz und frischer Frucht, komplexe Entfaltung am Gaumen, mit Kraft, aber elegantem Fundament, viel Entwicklungspotential', '2016-12-05 10:47:59', '2016-12-05 10:48:52'),
	(432, 1941, 'Eremo Delle Fate Sangiovese 2008', '100 % Sangiovese ', 5.50, 0.75, 2, 165, '', '2016-12-05 10:47:59', '2016-12-05 10:48:52'),
	(433, 1942, 'Eremo Delle Fate Negroamaro 2008', '100 % Negroamaro', 5.50, 0.75, 2, 165, '', '2016-12-05 10:47:59', '2016-12-05 10:48:52'),
	(434, 1943, 'Eremo Delle Fate Rosso Salento 2008', '', 5.50, 0.75, 2, 165, '', '2016-12-05 10:47:59', '2016-12-05 10:48:52'),
	(435, 1944, 'Eremo Delle Fate Bianco Salento 2008', '', 5.50, 0.75, 3, 165, '', '2016-12-05 10:47:59', '2016-12-05 10:48:52'),
	(436, 1945, 'Eremo Delle Fate Falanghina 2008', '', 7.50, 0.75, 3, 165, '', '2016-12-05 10:47:59', '2016-12-05 10:48:52'),
	(437, 1946, 'Eremo Delle Fate Greco di Tufo 2008', '', 9.90, 0.75, 3, 165, '', '2016-12-05 10:47:59', '2016-12-05 10:48:52'),
	(438, 1947, 'Eremo Delle Fate Primitivo 2008', '100 % Primitivo', 5.50, 0.75, 2, 165, '', '2016-12-05 10:47:59', '2016-12-05 10:48:52'),
	(439, 1948, 'Eremo Delle Fate Primitivo Orus 2007', '100 % Primitivo', 18.50, 0.75, 2, 165, '', '2016-12-05 10:47:59', '2016-12-05 10:48:52'),
	(440, 1949, 'Koru Sauvignon Blanc 2007', '100 % Sauvignon Blanc ', 29.90, 0.75, 3, 166, 'Bevor wir über Qualitäten sprechen sei erwähnt, dass es hier um geradezu lächerliche Quantitäten geht. Gerade einmal 2700 Flaschen aus einem Hektar Land werden in absoluter Handarbeit produziert. Hier wird jede Flasche quasi aus dem Rebstock gedrechselt, an jeder Ecke und Kante wird geschnitzt und geschliffen bis der perfekte Sauvignon Schrein das Licht der Welt erblickt.\nDas Ergebnis ist der beste Sauvignon der mir je auf die Zunge gekommen ist. Die extrem kleine Erntemenge und möglichst späte Lese geben dem Wein nicht nur diese grasgrüne überwältigende Frische die viele hochwertige Neuseeländische Wein auszeichnet, nein hier findet sich alles was Spaß macht und in die Tiefe geht: Reife Kiwi, Stachelbeere, etc. und eine traumhafte Kombination aus ganz dezentem Holz und mineralischen Anklängen mit einem Hauch von Feuerstein. Köstlich ', '2016-12-05 10:47:59', '2016-12-05 10:48:52'),
	(441, 1950, 'Penfolds Koonunga Hill seventy six', 'Shiraz, Cabernet Sauvignon ', 11.50, 0.75, 2, 15, '', '2016-12-05 10:47:59', '2016-12-05 10:48:52'),
	(442, 1951, 'Koru Pinot Noir 2007', '100 % Pinot Noir ', 50.00, 0.75, 2, 166, '', '2016-12-05 10:47:59', '2016-12-05 10:48:52'),
	(443, 1954, 'Vinosia Sesto a Quinconce 2006', '100 % Aglianico ', 80.00, 0.75, 2, 136, '', '2016-12-05 10:47:59', '2016-12-05 10:48:52'),
	(444, 1955, 'Vinosia nè pàssula Primitivo di Manduria 2007', 'Primitivo ', 20.90, 0.75, 2, 136, '', '2016-12-05 10:47:59', '2016-12-05 10:48:52'),
	(445, 1956, 'Vinosia Irpinia Aglianico DOC 2008', '100 % Aglianico ', 8.00, 0.75, 2, 136, '', '2016-12-05 10:47:59', '2016-12-05 10:48:52'),
	(446, 1957, 'Accornero Barbera Giulin', '100 % Barbera', 14.90, 0.75, 2, 167, '', '2016-12-05 10:47:59', '2016-12-05 10:48:52'),
	(447, 1958, 'Vignalta Agno Tinto 2005', 'Syrah', 16.50, 0.75, 2, 69, '', '2016-12-05 10:47:59', '2016-12-05 10:48:52'),
	(448, 1959, 'Stump Hill Shiraz 2008', '100% Shiraz ', 7.95, 0.75, 2, 168, '', '2016-12-05 10:47:59', '2016-12-05 10:48:52'),
	(449, 1960, 'Bodegas Leceranas Evohé 2006', '100 % Garnache ', 7.90, 0.75, 2, 169, '', '2016-12-05 10:47:59', '2016-12-05 10:48:52'),
	(450, 1961, 'Collavini Broy', '', 20.00, 0.75, 3, 169, '', '2016-12-05 10:47:59', '2016-12-05 10:48:52'),
	(451, 1962, 'Solideo', '', 14.90, 0.75, 2, 169, '', '2016-12-05 10:47:59', '2016-12-05 10:48:52'),
	(452, 1963, 'Kanonkop Cabernet Sauvignon 2006', '100 % Cabernet Sauvignon nur noch wenige Flaschen ', 26.50, 0.75, 2, 76, '', '2016-12-05 10:47:59', '2016-12-05 10:48:52'),
	(453, 1964, 'Castillo Perelada 3 Fincas Crianza 2006', '35% Samsó, 30% Garnatxa, 25% Cabernet Sauvignon, 10% Merlot 12 Mon. Barrique ', 8.00, 0.75, 2, 4, '', '2016-12-05 10:47:59', '2016-12-05 10:48:52'),
	(454, 1965, 'Castillo Perelada 5 Fincas Reserva 2005', '40% Merlot, 20% Garnatxa, 15% Cabernet Sauvignon, 15% Syrah, 5% Tempranillo, 5%Cabernet Franc. 19 Mon. Barrique ', 13.50, 0.75, 2, 4, '', '2016-12-05 10:47:59', '2016-12-05 10:48:52'),
	(455, 1966, 'Castillo Perelada Don Miguel Mateu Gran Reserva 2003', '40% Cabernet Sauvignon, 30% Merlot, 20%Garnatxa, 7% Syrah, 3% Carinyena 24 Mon. Barrique ', 18.90, 0.75, 2, 4, '', '2016-12-05 10:47:59', '2016-12-05 10:48:52'),
	(456, 1967, 'Castillo Perelada Finca Malaveina 2006', '50 % Merlot, 20 % Cabernet Sauvignon, 20 % Syrah, 10 % GarnatxaTinta ', 21.90, 0.75, 2, 4, '', '2016-12-05 10:47:59', '2016-12-05 10:48:52'),
	(457, 1968, 'Pasanau El Vell Coster 2006', '84% Mazuelo (Carinena) 10% Cabernet Sauvignon 6% Garnacha Tinta 20 Monate Barrique französische Eiche', 39.00, 0.75, 2, 135, 'Extrem konzentrierter Prioratwein, sehr viel Stoff und Würze. Die Carinenatraube steuert Komplexität, Säure und Haltbarkeit bei. Der Wein wirkt bei aller Kraft elegant und subtil. Er braucht viel Luft, um sich zu entfalten, aber dann werden Sie mit atemberaubender Vielschichtigkeit belohnt.', '2016-12-05 10:47:59', '2016-12-05 10:48:52'),
	(458, 1969, 'de Gras Merlot 2008', '100% Merlot', 6.00, 0.75, 2, 71, '', '2016-12-05 10:47:59', '2016-12-05 10:48:52'),
	(459, 1970, 'de Gras Cabernet Sauvignon/Syrah Reserva 2007', 'Cabernet Sauvignon, Syrah', 9.50, 0.75, 2, 71, '', '2016-12-05 10:47:59', '2016-12-05 10:48:52'),
	(460, 1971, 'de Gras Cabernet Sauvignon/Syrah Reserva 2008', 'Cabernet Sauvignon, Syrah', 9.50, 0.75, 2, 71, '', '2016-12-05 10:47:59', '2016-12-05 10:48:52'),
	(461, 1972, 'de Gras Cabernet Sauvignon 2008', '100% Cabernet Sauvignon', 6.00, 0.75, 2, 71, '', '2016-12-05 10:47:59', '2016-12-05 10:48:52'),
	(462, 1973, 'de Gras Sauvignon Blanc 2009', '100% Sauvignon Blanc', 6.00, 0.75, 3, 71, '', '2016-12-05 10:47:59', '2016-12-05 10:48:52'),
	(463, 1974, 'de Gras Chardonnay 2009', '100% Chardonnay', 6.00, 0.75, 3, 71, '', '2016-12-05 10:47:59', '2016-12-05 10:48:52'),
	(464, 1975, 'Nothnagl Riesling Federspiel 2008', 'Ried Setzberg 100% Riesling ', 11.50, 0.75, 3, 170, '', '2016-12-05 10:47:59', '2016-12-05 10:48:52'),
	(465, 1976, 'Nothnagl Grüner Veltliner Federspiel 2008', 'Ried Steinborz 100% Grüner Veltliner', 8.90, 0.75, 3, 170, '', '2016-12-05 10:47:59', '2016-12-05 10:48:52'),
	(466, 1977, 'Nothnagl Chardonnay Smaragd 2008', 'Ried Pluris 100% Chardonnay', 13.50, 0.75, 3, 170, '', '2016-12-05 10:47:59', '2016-12-05 10:48:52'),
	(467, 1978, 'Nothnagl Grüner Veltliner Smaragd 2008', 'Ried Setzberg 100% Grüner Veltliner', 14.50, 0.75, 3, 170, '', '2016-12-05 10:47:59', '2016-12-05 10:48:52'),
	(468, 1979, 'Condado de Haza Crianza 2006', '100% Tempranillo, 18 Mon. Barrique ', 14.90, 0.75, 2, 78, '', '2016-12-05 10:47:59', '2016-12-05 10:48:52');
/*!40000 ALTER TABLE `produkt` ENABLE KEYS */;

-- Exportiere Struktur von Tabelle wein.handel3.rechnung
CREATE TABLE IF NOT EXISTS `rechnung` (
  `id_rechnung` int(11) unsigned NOT NULL AUTO_INCREMENT,
  `warenkorb_id` int(11) unsigned NOT NULL,
  `lief_adresse_id` int(5) unsigned NOT NULL,
  `rech_adresse_id` int(5) unsigned NOT NULL,
  `rechnung_date` timestamp NULL DEFAULT CURRENT_TIMESTAMP,
  PRIMARY KEY (`id_rechnung`),
  KEY `lief_adresse_id` (`lief_adresse_id`),
  KEY `rech_adresse_id` (`rech_adresse_id`),
  KEY `warenkorb_id` (`warenkorb_id`)
) ENGINE=InnoDB DEFAULT CHARSET=utf8;

-- Exportiere Daten aus Tabelle wein.handel3.rechnung: ~0 rows (ungefähr)
/*!40000 ALTER TABLE `rechnung` DISABLE KEYS */;
/*!40000 ALTER TABLE `rechnung` ENABLE KEYS */;

-- Exportiere Struktur von Tabelle wein.handel3.region
CREATE TABLE IF NOT EXISTS `region` (
  `id_region` int(3) NOT NULL AUTO_INCREMENT,
  `name_region` varchar(50) DEFAULT NULL,
  PRIMARY KEY (`id_region`)
) ENGINE=InnoDB AUTO_INCREMENT=64 DEFAULT CHARSET=utf8;

-- Exportiere Daten aus Tabelle wein.handel3.region: ~54 rows (ungefähr)
/*!40000 ALTER TABLE `region` DISABLE KEYS */;
INSERT INTO `region` (`id_region`, `name_region`) VALUES
	(1, 'Champagne'),
	(2, 'Venetien'),
	(3, 'Rhein-Main'),
	(4, 'Costa Brava, Emporda'),
	(5, 'Carinena D.O.'),
	(6, 'Duoro Tal'),
	(7, 'Stellenbosch'),
	(8, 'McLaren Vale'),
	(9, 'Piemont'),
	(10, 'Toskana'),
	(11, 'Somontano'),
	(12, 'Ribera del Duero D.O.'),
	(13, 'Südost'),
	(14, 'Bordeaux'),
	(15, 'Jerez (Sherry)'),
	(16, 'Priorat'),
	(17, 'Sizilien'),
	(18, 'Umbrien (Gemeinde Orvieto)'),
	(19, 'La Mancha D.O.'),
	(20, 'Basilicata'),
	(21, 'Rioja'),
	(22, 'Navarra'),
	(23, 'Barossa Valley'),
	(24, 'Languedoc-Roussillion'),
	(25, 'Apulien'),
	(26, 'Kampanien'),
	(27, 'Philadelphia (Capaia)'),
	(28, 'Sardinien'),
	(29, 'Rueda D.O.'),
	(30, 'Lombardei'),
	(31, 'Colchagua Valley'),
	(32, 'Conca de Barbera D.O.'),
	(33, 'Terra Alta'),
	(34, 'Toro'),
	(35, 'Penedes'),
	(36, 'Adelaide Hills'),
	(37, 'Yecla'),
	(38, 'Marken'),
	(39, 'Südtirol'),
	(40, 'Marlborough'),
	(41, 'Friaul'),
	(42, 'Castilla-Lèon'),
	(43, 'Mendoza'),
	(44, 'Constantia'),
	(45, 'Rias Baixas DO'),
	(46, 'Zamora'),
	(47, 'Abruzzen'),
	(48, 'Kalifornien'),
	(49, 'Mallorca'),
	(50, 'Burgenland (Neusiedler See)'),
	(51, 'Oregon'),
	(52, 'Eden Valley'),
	(53, 'Aragón'),
	(54, 'Wachau');
/*!40000 ALTER TABLE `region` ENABLE KEYS */;

-- Exportiere Struktur von Tabelle wein.handel3.warenkorb
CREATE TABLE IF NOT EXISTS `warenkorb` (
  `id_warenkorb` int(5) unsigned NOT NULL AUTO_INCREMENT,
  `benutzer_id` int(4) unsigned NOT NULL,
  `produkt_id` int(4) unsigned NOT NULL,
  `menge` int(4) unsigned DEFAULT '0' COMMENT 'Artikel Anzahl',
  `preis` decimal(10,2) unsigned NOT NULL COMMENT 'Aktuelles Einzelpreis ',
  `rechung_id` int(10) unsigned DEFAULT NULL,
  `eintrag_datum` timestamp NOT NULL DEFAULT CURRENT_TIMESTAMP,
  `aenderung_datum` timestamp NOT NULL DEFAULT CURRENT_TIMESTAMP ON UPDATE CURRENT_TIMESTAMP,
  PRIMARY KEY (`id_warenkorb`),
  KEY `kunden_id` (`benutzer_id`),
  KEY `produkte_id` (`produkt_id`),
  KEY `rechung_id` (`rechung_id`)
) ENGINE=InnoDB DEFAULT CHARSET=utf8;

-- Exportiere Daten aus Tabelle wein.handel3.warenkorb: ~0 rows (ungefähr)
/*!40000 ALTER TABLE `warenkorb` DISABLE KEYS */;
/*!40000 ALTER TABLE `warenkorb` ENABLE KEYS */;

-- Exportiere Struktur von Tabelle wein.handel3.weingut
CREATE TABLE IF NOT EXISTS `weingut` (
  `id_weingut` int(3) unsigned NOT NULL AUTO_INCREMENT,
  `name_weingut` varchar(150) DEFAULT '0',
  `land_id` varchar(2) DEFAULT NULL,
  `region_id` int(3) unsigned NOT NULL DEFAULT '0',
  PRIMARY KEY (`id_weingut`),
  KEY `region_id` (`region_id`),
  KEY `land_id2` (`land_id`)
) ENGINE=InnoDB AUTO_INCREMENT=256 DEFAULT CHARSET=utf8;

-- Exportiere Daten aus Tabelle wein.handel3.weingut: ~170 rows (ungefähr)
/*!40000 ALTER TABLE `weingut` DISABLE KEYS */;
INSERT INTO `weingut` (`id_weingut`, `name_weingut`, `land_id`, `region_id`) VALUES
	(1, 'Domaine Jean Pernet', 'FR', 1),
	(2, 'Sartori Negrar', 'IT', 2),
	(3, 'Weinkellerei Carl Jung', 'DE', 3),
	(4, 'Castillo Perelada', 'ES', 4),
	(5, 'Bodegas y Vinedos Monfil', 'ES', 5),
	(6, 'Quinta do Noval Port, Villa Nova de Gaia', 'PT', 6),
	(7, 'Kaapzicht', 'ZA', 7),
	(8, 'D`Arenberg', 'AU', 8),
	(9, 'Terre da Vino: La Casa In Collina', 'IT', 9),
	(10, 'Calzalunga', 'IT', 10),
	(11, 'Fattoria Le Corti', 'IT', 10),
	(12, 'Enate', 'ES', 11),
	(13, 'Isole e Olena', 'IT', 10),
	(14, 'Bodegas Vega Sicilia', 'ES', 12),
	(15, 'Penfolds', 'AU', 13),
	(16, 'Chateau d´Yquem', 'FR', 14),
	(17, 'Marques del real Tesoro S.A.', 'ES', 15),
	(18, 'La Spinetta Giorgio Rivetti ( Winzer des Jahres 2002 Gambero Rosso )', 'IT', 9),
	(19, 'Vinicola del Priorat', 'ES', 16),
	(20, 'Cusumano', 'IT', 17),
	(21, 'Terre da Vino: Masseria Carmelitani', 'IT', 9),
	(22, 'Poliziano', 'IT', 10),
	(23, 'Cardeto', 'IT', 18),
	(24, 'Pago De La Jaraba (Azagador)', 'ES', 19),
	(25, 'Terre Degli Svevi', 'IT', 20),
	(26, 'Bodegas Alabanza', 'ES', 21),
	(27, 'Magana', 'ES', 22),
	(28, 'Aldo Conterno', 'IT', 9),
	(29, 'Costa di Bussia', 'IT', 9),
	(30, 'Elderton', 'AU', 23),
	(31, 'Tenuta Sant`Antonio', 'IT', 2),
	(32, 'Trabucchi', 'IT', 2),
	(33, 'Terre da Vino: Azienda Agricole San Nicolao', 'IT', 9),
	(34, 'Settesoli (Mandrarossa)', 'IT', 17),
	(35, 'Mitolo', 'AU', 8),
	(36, 'El Vinculo Bodegas Alejandro Fernández Tinto Pesquera S.L.', 'ES', 19),
	(37, 'Masi', 'IT', 2),
	(38, 'Waterford Estate', 'ZA', 7),
	(39, 'Glaetzer Wines', 'AU', 23),
	(40, 'Mas d\'Auzières', 'FR', 24),
	(41, 'Feudo Arancio', 'IT', 17),
	(42, 'Terre da Vino: La Luna e i Falo', 'IT', 9),
	(43, 'Dowie Doole', 'AU', 8),
	(44, 'Planeta', 'IT', 17),
	(45, 'Bruno Rocca', 'IT', 9),
	(46, 'Cantine Francesco Minini, Terre Avare', 'IT', 25),
	(47, 'Simply Sunshine', 'AU', 13),
	(48, 'Farnese', 'IT', 25),
	(49, 'E. Leporati', 'IT', 9),
	(50, 'Dezzani', 'IT', 9),
	(51, 'Terre da Vino: Meriggio', 'IT', 9),
	(52, 'Feudi di San Marzano', 'IT', 25),
	(53, 'Feudi Di San Gregorio', 'IT', 26),
	(54, 'Lamborghini', 'IT', 18),
	(55, 'Capaia Wines', 'ZA', 27),
	(56, 'Mesa', 'IT', 28),
	(57, 'Bodegas Alvarez Y Diez S.A., Nava del Rey', 'ES', 29),
	(58, 'Bodegas Orvalaiz', 'ES', 22),
	(59, 'Enrico Pira', 'IT', 9),
	(60, 'Terre da Vino: Croere', 'IT', 9),
	(61, 'Australien Domaine Wines', 'AU', 23),
	(62, 'Cockatoo Ridge', 'AU', 13),
	(63, 'Tenuta Tignanello', 'IT', 10),
	(64, 'Nino Negri', 'IT', 30),
	(65, 'Aimery-Sieur d`Arques', 'FR', 24),
	(66, 'Terre da Vino: La Gaggina', 'IT', 9),
	(67, 'Moris Farms', 'IT', 10),
	(68, 'Fattoria Di Magliano', 'IT', 10),
	(69, 'Vignalta', 'IT', 2),
	(70, 'Corte Figaretto', 'IT', 2),
	(71, 'De Gras', 'CL', 31),
	(72, 'Mouton Rothschild', 'FR', 14),
	(73, 'Bodegas Concavins', 'ES', 32),
	(74, 'San Isidro', 'ES', 19),
	(75, 'Corte Dei Mori', 'IT', 17),
	(76, 'Kanonkop', 'ZA', 7),
	(77, 'La Cappuccina', 'IT', 2),
	(78, 'Finca Y Vinedos Condado de Haza, Alejandro Fernandez', 'ES', 12),
	(79, 'Bodegas Alejandro Fernandez Tinto Pesquera S.L.', 'ES', 12),
	(80, 'Azienda Vinicola Croissant', 'IT', 10),
	(81, 'Parra Jimenez', 'ES', 19),
	(82, 'Celler Pinol', 'ES', 33),
	(83, 'Terre da Vino: Barolo Essenze', 'IT', 9),
	(84, 'Bodegas Vina Villabuena (Vetus)', 'ES', 34),
	(85, 'Rotllan Torra', 'ES', 16),
	(86, 'Bodega Can Bonastre', 'ES', 35),
	(87, 'Rusden', 'AU', 23),
	(88, 'Grosset', 'AU', 36),
	(89, 'Encierra', 'CL', 31),
	(90, 'Bodega Vicente San Juan', 'ES', 12),
	(91, 'Senorio de Barahonda', 'ES', 37),
	(92, 'Moncaro', 'IT', 38),
	(93, 'Tiefenbrunner', 'IT', 39),
	(94, 'Pago De Los Capellanes', 'ES', 12),
	(95, 'Collestefano', 'IT', 38),
	(96, 'Coop. Jesus del Perdon, Manzanares', 'ES', 19),
	(97, 'Lake Chalice', 'NZ', 40),
	(98, 'Gilligan', 'AU', 8),
	(99, 'La Tunella', 'IT', 41),
	(100, 'Umani Ronchi', 'IT', 38),
	(101, 'Laibach', 'ZA', 7),
	(102, 'Bodegas Fernando Remirez de Ganuza', 'ES', 21),
	(103, 'Bodegas Bretón', 'ES', 21),
	(104, 'Bodega Museum', 'ES', 42),
	(105, 'Masi Tupungato', 'AR', 43),
	(106, 'Ricardo Sanz', 'ES', 42),
	(107, 'Heartland Wines', 'AU', 23),
	(108, 'Buitenverwachting', 'ZA', 44),
	(109, 'Finca Villacreces', 'ES', 12),
	(110, 'Can Feixes', 'ES', 35),
	(111, 'Roda', 'ES', 21),
	(112, 'Adegas Martinez Serantes', 'ES', 45),
	(113, 'Iturbide', 'ES', 22),
	(114, 'Sabartés', 'ES', 35),
	(115, 'Cerrosol', 'ES', 29),
	(116, 'Covitoro', 'ES', 34),
	(117, 'Carrovalle', 'ES', 34),
	(118, 'Teófilo Reyes', 'ES', 12),
	(119, 'Finca Y Vinedos Fernández Rivera', 'ES', 46),
	(120, 'Bodegas Pingón, Penafiel', 'ES', 12),
	(121, 'Morgenster Estate', 'ZA', 7),
	(122, 'Bodegas Izadi', 'ES', 21),
	(123, 'Terre da Vino: Le Aziende Agricola Ca \'da Bosio', 'IT', 9),
	(124, 'Palazzo Pisano', 'IT', 2),
	(125, 'Valpiculata', 'ES', 34),
	(126, 'Azienda Agricola Nugnes', 'IT', 26),
	(127, 'Bodegas Ochoa', 'ES', 22),
	(128, 'Masciarelli', 'IT', 47),
	(129, 'Indio', 'IT', 47),
	(130, 'Alois Lageder', 'IT', 39),
	(131, 'Chateau Ferrand Lartique', 'FR', 14),
	(132, 'Barletta Bros', 'AU', 13),
	(133, 'Marco Porello', 'IT', 9),
	(134, 'Terre da Vino: Tra Donne Sole', 'IT', 9),
	(135, 'Pasanau', 'ES', 16),
	(136, 'Vinosia', 'IT', 26),
	(137, 'Le Filigare', 'IT', 10),
	(138, 'Poggio Delle Faine', 'IT', 10),
	(139, 'Collosorbo', 'IT', 10),
	(140, 'Tenuta di Vignole', 'IT', 10),
	(141, 'Domenico Clerico', 'IT', 9),
	(142, 'Lillian', 'US', 48),
	(143, 'Terrazas de los Andes', 'AR', 43),
	(144, 'Cloudy Bay', 'NZ', 40),
	(145, 'Ànima Negra', 'ES', 49),
	(146, 'Bodegas Miquel Oliver', 'ES', 49),
	(147, 'Tenuta dell`Ornellaia', 'IT', 10),
	(148, 'Parusso', 'IT', 9),
	(149, 'Tenuta San Guido', 'IT', 10),
	(150, 'Rust en Vrede', 'ZA', 7),
	(151, 'Bodegas Agnusdei', 'ES', 45),
	(152, 'Terra De Verema', 'ES', 16),
	(153, 'Finca La Mejorada', 'ES', 42),
	(154, 'Judith Beck', 'AT', 50),
	(155, 'Sine Qua Non', 'US', 48),
	(156, 'Antica Terra', 'US', 51),
	(157, 'Bodegas Erial', 'ES', 12),
	(158, 'James Irvine', 'AU', 52),
	(159, 'Marchesi Alfieri', 'IT', 9),
	(160, 'Tenuta Guado al Tasso', 'IT', 10),
	(161, 'Serafini & Vidotto', 'IT', 2),
	(162, 'Campos de Luz', 'ES', 5),
	(163, 'Noon', 'AU', 8),
	(164, 'Frontaura y Victoria', 'ES', 34),
	(165, 'Eremo Delle Fate', 'IT', 26),
	(166, 'Koru', 'NZ', 40),
	(167, 'Accornero', 'IT', 9),
	(168, 'Stump Hill', 'AU', 13),
	(169, 'Bodegas Leceranas', 'ES', 53),
	(170, 'Nothnagl', 'AT', 54);
/*!40000 ALTER TABLE `weingut` ENABLE KEYS */;

-- Exportiere Struktur von Tabelle wein.handel3.weintyp
CREATE TABLE IF NOT EXISTS `weintyp` (
  `id_weintyp` int(2) unsigned NOT NULL AUTO_INCREMENT,
  `name_weintyp` varchar(20) DEFAULT NULL,
  PRIMARY KEY (`id_weintyp`)
) ENGINE=InnoDB AUTO_INCREMENT=8 DEFAULT CHARSET=utf8;

-- Exportiere Daten aus Tabelle wein.handel3.weintyp: ~5 rows (ungefähr)
/*!40000 ALTER TABLE `weintyp` DISABLE KEYS */;
INSERT INTO `weintyp` (`id_weintyp`, `name_weintyp`) VALUES
	(1, 'Champagner'),
	(2, 'Rotwein'),
	(3, 'Weißwein'),
	(4, 'Schaumwein'),
	(5, 'Rosewein');
/*!40000 ALTER TABLE `weintyp` ENABLE KEYS */;

-- Exportiere Struktur von Tabelle wein.handel3.zugang
CREATE TABLE IF NOT EXISTS `zugang` (
  `id_zugang` int(4) NOT NULL AUTO_INCREMENT,
  `password` varchar(50) DEFAULT NULL,
  `sessionid` int(11) DEFAULT NULL,
  PRIMARY KEY (`id_zugang`)
) ENGINE=InnoDB DEFAULT CHARSET=utf8;

-- Exportiere Daten aus Tabelle wein.handel3.zugang: ~0 rows (ungefähr)
/*!40000 ALTER TABLE `zugang` DISABLE KEYS */;
/*!40000 ALTER TABLE `zugang` ENABLE KEYS */;

/*!40101 SET SQL_MODE=IFNULL(@OLD_SQL_MODE, '') */;
/*!40014 SET FOREIGN_KEY_CHECKS=IF(@OLD_FOREIGN_KEY_CHECKS IS NULL, 1, @OLD_FOREIGN_KEY_CHECKS) */;
/*!40101 SET CHARACTER_SET_CLIENT=@OLD_CHARACTER_SET_CLIENT */;
